name,place_id,formatted_address,latitude,longitude,rating,user_ratings_total,website,phone_number,search_query,search_location,category,planning_area,weighted_average_income,total_households,has_website,has_phone,has_rating,search_coverage
Kampong Glam Community Club,ChIJq6qqcrEZ2jERtJYskj9TJiA,"385 Beach Rd, Singapore 199581",1.3029472,103.8635062,4.1,361,https://www.onepa.gov.sg/cc/kampong-glam-cc,6295 0741,fitness_center,"Kampong Glam, Singapore",Fitness Studio,KALLANG,10084.228177543,31046.0,True,True,True,Local
Fitness Corner in Bedok Reservoir Park South,ChIJR48acgA92jERbh5wpsizD6E,"739A Bedok Reservoir Rd, Singapore 471739",1.3393125,103.9228299,4.3,3,,,fitness_center,"Bedok, Singapore",Fitness Studio,PAYA LEBAR,0.0,0.0,False,False,True,Local
The Gym Pod @ Bedok Reservoir Park,ChIJWTMBhOA92jERTHuUejWSkNI,"Bedok Reservoir Rd, Singapore",1.3393082,103.9338867,5.0,3,,,fitness_center,"Bedok, Singapore",Fitness Studio,BEDOK,10710.615373350993,78532.0,False,False,True,Local
Fitness Corner in Bedok Reservoir Park East,ChIJZ4JgYwA92jERJ6PG_B1daTE,"760 Bedok Reservoir Rd, Singapore 479245",1.33997,103.933466,4.0,1,,,fitness_center,"Bedok, Singapore",Fitness Studio,BEDOK,10710.615373350993,78532.0,False,False,True,Local
Bedok Community Centre,ChIJbfCQErUi2jERUUI_vMAxZ5g,"850 New Upper Changi Rd, Singapore 467352",1.3243238,103.9359818,4.2,1414,,6442 5317,fitness_center,"Bedok, Singapore",Fitness Studio,BEDOK,10710.615373350993,78532.0,False,True,True,Local
Pasir Ris Town Park Fitness Corner,ChIJo0t1ZdA92jERoUkkTDIOs2A,"422 Pasir Ris Drive 6, Block 423, Singapore 510422",1.3707225,103.9536097,4.3,3,,,fitness_center,"Pasir Ris, Singapore",Fitness Studio,PASIR RIS,11846.999197728956,40510.0,False,False,True,Local
The Gym Pod @ Pasir Ris Park Carpark A,ChIJOQDqGgA92jERg6V4a9K1SIE,"159W Jln. Loyang Besar, Singapore 507020",1.3807727,103.9601327,4.0,1,https://www.thegympod.com/,,fitness_center,"Pasir Ris, Singapore",Fitness Studio,PASIR RIS,11846.999197728956,40510.0,True,False,True,Local
Fitness Corner in Turnhouse Park,ChIJK3KBCwA92jERhpIu7-39CIw,"Turnhouse Rd, Singapore",1.3901682,103.9792825,5.0,1,,,fitness_center,"Changi, Singapore",Fitness Studio,PASIR RIS,11846.999197728956,40510.0,False,False,True,Local
F45 Training Changi Business Park,ChIJKekcXtc82jERFY0HNk-63Vw,"51 Changi Business Park Central 2, #02-01 The Signature, Singapore 486066",1.3351434,103.9652389,4.7,38,https://f45training.sg/ChangiBusinessPark/,8338 5581,fitness_center,"Changi, Singapore",Fitness Studio,TAMPINES,10327.216990999425,72662.0,True,True,True,Local
Woodlands Sports Centre (ActiveSG),ChIJV5hnA6wT2jERqD4CwNu0SpM,"2 Woodlands Street 12, Singapore 738599",1.434104,103.779798,4.1,2049,https://www.activesgcircle.gov.sg/facilities/woodlands-sport-centre,6269 4192,fitness_center,"Woodlands, Singapore",Fitness Studio,WOODLANDS,9184.241848443537,70416.0,True,True,True,Local
The Gym Pod @ Marsiling Park,ChIJaQpX7ckT2jER86UED9mfDDk,"Woodlands Centre Rd, Singapore 732006",1.4377883,103.7710263,3.9,8,http://thegympod.com/,,fitness_center,"Woodlands, Singapore",Fitness Studio,WOODLANDS,9184.241848443537,70416.0,True,False,True,Local
Sembawang Park Fitness Corner,ChIJDSl3wz0V2jERYpYUFD1goY0,"1200 Sembawang Rd, Singapore",1.4614426,103.8363931,5.0,2,,,fitness_center,"Sembawang, Singapore",Fitness Studio,SEMBAWANG,9856.022017546808,29749.0,False,False,True,Local
Sembawang Community Club,ChIJi3j7l5sU2jEROGUByFjhrSM,"117B Canberra Cres, #01-370, Singapore 752117",1.4514788,103.828856,4.1,446,http://go.gov.sg/sembcentral,6752 7212,fitness_center,"Sembawang, Singapore",Fitness Studio,SEMBAWANG,9856.022017546808,29749.0,True,True,True,Local
ActiveSG Sports Centre,ChIJTSDLM50U2jERQoCxNiUI-VY,"21 Canberra Link, Singapore 756973",1.4488628,103.8236134,0.0,0,https://www.activesgcircle.gov.sg/facilities?page=1&type=1,6374 5342,fitness_center,"Sembawang, Singapore",Fitness Studio,SEMBAWANG,9856.022017546808,29749.0,True,True,False,Local
The Gym Pod @ Yishun Neighbourhood Park,ChIJISJXatQV2jER5v2IFLlISfM,"Yishun Ave 2, Ave, 7 and St, #22, Singapore 752106",1.4376839,103.8360082,3.8,11,https://www.thegympod.com/gym-near-me-yishun-neighbourhood-park/,,fitness_center,"Yishun, Singapore",Fitness Studio,SIMPANG,0.0,0.0,True,False,True,Local
ActiveSG Sports Centre,ChIJ7RoekQ8U2jERDK4JtndMOWY,"101 Yishun Ave 1, Singapore 769130",1.411809,103.831229,5.0,1,https://www.activesgcircle.gov.sg/facilities?page=1&type=1,6756 7416,fitness_center,"Yishun, Singapore",Fitness Studio,YISHUN,9019.018663760686,65153.0,True,True,True,Local
ActiveSG Gym @ Ang Mo Kio Community Centre,ChIJTV3-1LwX2jER_FUr4igueLo,"795 Ang Mo Kio Ave 1, Singapore 569976",1.3668825,103.8406405,4.1,123,https://www.myactivesg.com/Facilities/activesg-gym-at-ang-mo-kio-community-centre,6261 0776,fitness_center,"Ang Mo Kio, Singapore",Fitness Studio,ANG MO KIO,9398.25493644068,47200.0,True,True,True,Local
The Gym Pod @ Bishan-AMK Park,ChIJty-R2PUX2jERsb0r9syDxV0,"Ang Mo Kio Ave 1, Singapore",1.3654277,103.8380219,4.7,10,http://www.thegympod.com/,,fitness_center,"Ang Mo Kio, Singapore",Fitness Studio,BISHAN,12483.410944381014,24524.0,True,False,True,Local
Ang Mo Kio Community Centre,ChIJezqw494W2jERiMgKkfS_nVc,"795 Ang Mo Kio Ave 1, Singapore 569976",1.3668579,103.8407909,4.1,387,https://www.onepa.gov.sg/cc/ang-mo-kio-cc,6452 9644,fitness_center,"Ang Mo Kio, Singapore",Fitness Studio,ANG MO KIO,9398.25493644068,47200.0,True,True,True,Local
Bishan ActiveSG Sports Centre,ChIJCX6pHhoX2jERDmIqgb3RhuY,"5 Bishan St 14, Singapore 579783",1.3555048,103.8509503,4.1,14,https://www.myactivesg.com/facilities/bishan-sports-centre,6352 6631,fitness_center,"Bishan, Singapore",Fitness Studio,BISHAN,12483.410944381014,24524.0,True,True,True,Local
Bishan Community Club,ChIJ____7xMX2jERWYaeX5Kpxcw,"51 Bishan St. 13, Singapore 579799",1.3497251,103.8507226,4.2,1597,https://www.onepa.gov.sg/cc/bishan-cc,6259 4720,fitness_center,"Bishan, Singapore",Fitness Studio,BISHAN,12483.410944381014,24524.0,True,True,True,Local
Fitness Corner in Toa Payoh Sensory Park,ChIJMTTjPwAX2jERL998MiG0240,"Lor. 5 Toa Payoh, Sensory Park, Singapore",1.3351958,103.8526939,0.0,0,,,fitness_center,"Toa Payoh, Singapore",Fitness Studio,TOA PAYOH,10071.888371896875,35569.0,False,False,False,Local
Anytime Fitness New Tech Park,ChIJvWfuPusX2jERTreLHhxIrJ4,"151 Lorong Chuan, #01-12, NTP+ 556741",1.3513487,103.8616302,4.8,276,https://www.anytimefitness.sg/gyms/sg-0062/new-tech-park-north-east-556741/,8874 1521,fitness_center,"Serangoon, Singapore",Fitness Studio,SERANGOON,12015.227503718394,32272.0,True,True,True,Local
Fitness Corner in Serangoon Community Park,ChIJqYuvCwAX2jER4dfdw5nUlS0,"Serangoon Ave 4, Block 211, Singapore 550211",1.3565006,103.8724046,5.0,1,,,fitness_center,"Serangoon, Singapore",Fitness Studio,SERANGOON,12015.227503718394,32272.0,False,False,True,Local
"Lab Studios - Serangoon Gardens | LabX, LabFormer",ChIJEURRi1QX2jERqQj1jRf97bs,"65A Serangoon Garden Way, Singapore 555961",1.3635104,103.865592,5.0,25,http://www.labstudios.com/,8261 1138,fitness_center,"Serangoon, Singapore",Fitness Studio,SERANGOON,12015.227503718394,32272.0,True,True,True,Local
Hougang Community Club,ChIJAQAASDUW2jERRfi8_uLQm-g,"35 Hougang Ave 3, Singapore 538840",1.364645,103.8923352,4.3,1105,,6282 8887,fitness_center,"Hougang, Singapore",Fitness Studio,HOUGANG,10153.063186096142,65133.0,False,True,True,Local
The Gym Pod @ Punggol Park,ChIJq_yTmHk92jERE_Zj5vbdNKU,"Hougang Ave 10, Singapore 538768",1.3775717,103.8973365,4.5,19,http://thegympod.com/,,fitness_center,"Punggol, Singapore",Fitness Studio,HOUGANG,10153.063186096142,65133.0,True,False,True,Local
Fitness Corner at Punggol Linear Park,ChIJX-abBAAV2jERR67clianPMU,"271C Punggol Walk, Singapore 823271",1.4037402,103.9012289,0.0,0,,,fitness_center,"Punggol, Singapore",Fitness Studio,PUNGGOL,10475.132530236871,51758.0,False,False,False,Local
Sengkang ActiveSG Sports Centre,ChIJ7UrY8HMW2jER3ouFYG5edII,"57 Anchorvale Rd, Singapore 544964",1.3967848,103.886901,4.3,2318,https://www.activesgcircle.gov.sg/facilities/sengkang-sport-centre,6315 3574,fitness_center,"Sengkang, Singapore",Fitness Studio,SENGKANG,10549.841220784238,72478.0,True,True,True,Local
ActiveSG Jurong East Sports Centre,ChIJ2XCvCiAQ2jERNcw38Db6v5w,"21 Jurong East Street 31, Singapore 609517",1.346998,103.729109,4.2,942,https://www.activesgcircle.gov.sg/facilities/jurong-east-sport-centre,6563 5052,fitness_center,"Jurong East, Singapore",Fitness Studio,TENGAH,0.0,0.0,True,True,True,Local
Jurong Lake Gardens ActiveSG Gym,ChIJxWwh6k4P2jERaDoN3Xy17JE,"30 Yuan Ching Rd, Singapore 618664",1.3304311,103.7254336,4.6,318,https://www.myactivesg.com/Facilities/jurong-lake-gardens-gym,6970 1619,fitness_center,"Jurong East, Singapore",Fitness Studio,JURONG WEST,9632.399985216842,74409.0,True,True,True,Local
The Gym Pod @ International Business Park Jurong East,ChIJzXmxSt0R2jERIreSLynTrgg,"3A International Business Park, Singapore 609935",1.3277403,103.7492819,4.0,5,https://www.thegympod.com/,,fitness_center,"Jurong East, Singapore",Fitness Studio,CLEMENTI,11191.556927093045,26815.0,True,False,True,Local
Jurong West ActiveSG Sports Centre,ChIJEwW7gpoP2jER4o0mrMTZddM,"20 Jurong West Street 93, Singapore 648965",1.3378059,103.6941925,4.3,1833,https://www.activesgcircle.gov.sg/facilities/jurong-west-sport-centre,6515 5332,fitness_center,"Jurong West, Singapore",Fitness Studio,JURONG WEST,9632.399985216842,74409.0,True,True,True,Local
Bukit Batok Nature Park Fitness Area,ChIJT5_ySkMQ2jERawE_ZgD67Ks,Singapore,1.349341,103.7635381,5.0,3,,,fitness_center,"Bukit Batok, Singapore",Fitness Studio,BUKIT BATOK,10063.376106008258,47468.0,False,False,True,Local
The Gym Pod (Bukit Gombak Park),ChIJtwOx0acR2jERONsHe_aRGSI,"Bukit Batok West Ave. 5, Bukit Gombak Park Community Garden, Singapore",1.3668925,103.7516629,5.0,4,http://thegympod.com/,,fitness_center,"Bukit Batok, Singapore",Fitness Studio,BUKIT BATOK,10063.376106008258,47468.0,True,False,True,Local
Zhenghua Park Fitness Corner,ChIJD5F219kR2jERXNlymwO64tA,"276 Bangkit Rd, Singapore 670276",1.3796774,103.7756833,5.0,2,,,fitness_center,"Bukit Panjang, Singapore",Fitness Studio,BUKIT PANJANG,10223.16462037638,38525.0,False,False,True,Local
Zhenghua Nature Park Fitness Corner,ChIJr1Hn3WgR2jERQRuDh19HDNM,"466 Segar Rd, Singapore 670466",1.3862154,103.773775,4.0,1,,,fitness_center,"Bukit Panjang, Singapore",Fitness Studio,BUKIT PANJANG,10223.16462037638,38525.0,False,False,True,Local
Bukit Panjang Community Club,ChIJJWt786YR2jERcIgIkdUxv_0,"8 Pending Rd, Singapore 678295",1.3765799,103.770559,4.1,936,https://m.facebook.com/bukitpanjangcc/,6506 0900,fitness_center,"Bukit Panjang, Singapore",Fitness Studio,BUKIT PANJANG,10223.16462037638,38525.0,True,True,True,Local
Senja-Cashew Community Club,ChIJs45bbr0R2jERwByR91EdWqw,"101 Bukit Panjang Rd, Singapore 679910",1.381403,103.764651,4.3,1238,https://www.onepa.gov.sg/cc/senja-cashew-cc,6219 4561,fitness_center,"Bukit Panjang, Singapore",Fitness Studio,CHOA CHU KANG,10535.758835482462,52657.0,True,True,True,Local
Choa Chu Kang ActiveSG Sports Centre,ChIJ_WX9ue0R2jER865IJyACAoc,"1 Choa Chu Kang Street 53, Singapore 689236",1.3910416,103.7481531,4.1,916,https://www.activesgcircle.gov.sg/facilities/choa-chu-kang-sport-centre,6767 1735,fitness_center,"Choa Chu Kang, Singapore",Fitness Studio,CHOA CHU KANG,10535.758835482462,52657.0,True,True,True,Local
Fitness Corner in Choa Chu Kang Park,ChIJ3YrxTAAR2jEROz7CUSlz10I,Singapore 688845,1.3877716,103.747519,5.0,1,,,fitness_center,"Choa Chu Kang, Singapore",Fitness Studio,CHOA CHU KANG,10535.758835482462,52657.0,False,False,True,Local
Anytime Fitness Yew Tee Community Club,ChIJNwuGbrcR2jERgxca13aS0-U,"20 Choa Chu Kang Street 52, #03-01, Singapore 689286",1.3948751,103.744688,4.5,107,https://www.anytimefitness.sg/gyms/sg-0070/yew-tee-north-east/,8533 3784,fitness_center,"Choa Chu Kang, Singapore",Fitness Studio,CHOA CHU KANG,10535.758835482462,52657.0,True,True,True,Local
Clementi ActiveSG Sports Centre,ChIJgRNCmI0a2jERsaiX0wOxGlE,"518 Clementi Ave 3, Singapore 129907",1.311074,103.765017,4.1,457,https://www.activesgcircle.gov.sg/facilities/clementi-sport-centre,6776 2560,fitness_center,"Clementi, Singapore",Fitness Studio,CLEMENTI,11191.556927093045,26815.0,True,True,True,Local
Queenstown Community Centre,ChIJd579PQUEBBARwgdz6iK21hE,"365 Commonwealth Ave, Singapore 149732",1.2988065,103.8015646,4.2,695,https://www.pa.gov.sg/our-network/community-clubs/Locate-CC/detail/Queenstown-Community-Centre,,fitness_center,"Queenstown, Singapore",Fitness Studio,QUEENSTOWN,10724.055500982318,28504.0,True,False,True,Local
The District Training @ Tiong Bahru Park Fitness Corner,ChIJX3FM9MEZ2jER3UhY3fRQiCk,"1 Henderson Rd, Singapore 159561",1.2884056,103.8228466,5.0,15,http://thedistricttraining.com/,9649 4791,fitness_center,"Tiong Bahru, Singapore",Fitness Studio,RIVER VALLEY,15695.421208530806,3376.0,True,True,True,Local
Blk 23 Fitness Park,ChIJcYz15PkX2jERAJa3oqROHzs,"27A Balam Rd, Singapore 371027",1.330834,103.8858185,5.0,3,,,fitness_center,"Geylang, Singapore",Fitness Studio,GEYLANG,9511.15418625147,34040.0,False,False,True,Local
Homeground Gym Farrer Park,ChIJ3y7KZKcZ2jERhyP-3pRYU6E,"146 Owen Rd, #01-01, Singapore 218943",1.3145302,103.8525585,4.7,89,https://www.homegroundgym.com/farrer-park,8650 7125,fitness_center,"Kallang, Singapore",Fitness Studio,ROCHOR,0.0,0.0,True,True,True,Local
BFT Farrer Park,ChIJZ8TwHaUZ2jERICJfsZyizxQ,"482 Serangoon Rd, #02-01, Singapore 218149",1.313843,103.857198,5.0,125,https://bodyfittraining.au/club/FarrerPark?utm_source=extnet&utm_medium=search&utm_campaign=franchise_lead_gen,8833 1940,fitness_center,"Kallang, Singapore",BFT,KALLANG,10084.228177543,31046.0,True,True,True,Local
Potong Pasir Community Club,ChIJjVfWj3gX2jERHP9kSEkgmOM,"6 Potong Pasir Ave 2, Singapore 358361",1.332651,103.8671489,4.2,856,,6280 1182,fitness_center,"Potong Pasir, Singapore",Fitness Studio,TOA PAYOH,10071.888371896875,35569.0,False,True,True,Local
MacPherson Lane Fitness Park,ChIJk_hGB10X2jER9jbM1PFNF6o,Singapore,1.3318215,103.8860633,5.0,1,,,fitness_center,"MacPherson, Singapore",Fitness Studio,GEYLANG,9511.15418625147,34040.0,False,False,True,Local
MacPherson Community Club,ChIJzcJ00CYY2jERLxMxOUXUtrc,"400 Paya Lebar Way, Singapore 379131",1.3236119,103.8847295,4.1,934,,6841 1085,fitness_center,"MacPherson, Singapore",Fitness Studio,GEYLANG,9511.15418625147,34040.0,False,True,True,Local
Eunos Park Exercise Corner,ChIJHdcgLxgZ2jERJL1tkjhuJ60,"361 Ubi Rd 3, Singapore 408664",1.318455,103.8971963,0.0,0,,,fitness_center,"Eunos, Singapore",Fitness Studio,GEYLANG,9511.15418625147,34040.0,False,False,False,Local
Mountbatten Community Club,ChIJlxt-6D4Y2jERdqSqyoLuCZo,"87 Jln. Satu, Singapura 390087",1.3091347,103.8870064,3.9,173,https://www.onepa.gov.sg/cc/mountbatten-cc,6344 7387,fitness_center,"Mountbatten, Singapore",Fitness Studio,GEYLANG,9511.15418625147,34040.0,True,True,True,Local
Fitness Corner by NParks,ChIJWRu45uE92jERQwu0btJknfE,"Bedok North Ave 3, Singapore",1.3358414,103.9315919,4.7,3,,,fitness_center,"Bedok Reservoir, Singapore",Fitness Studio,BEDOK,10710.615373350993,78532.0,False,False,True,Local
Fitness Corner in Bedok Town Park West,ChIJzwAdagA92jERtvgw75EsjAk,"709 Bedok Reservoir Rd, Singapore 470709",1.3346545,103.923243,0.0,0,,,fitness_center,"Bedok Reservoir, Singapore",Fitness Studio,BEDOK,10710.615373350993,78532.0,False,False,False,Local
Civil Service Club @ Loyang (Former Aloha Loyang),ChIJeaoMKbU92jERRVPqPC2m72M,"159W Jln. Loyang Besar, Singapore 507020",1.3803679,103.9620131,4.2,1675,https://www.cscloyang.sg/,6581 9033,fitness_center,"Loyang, Singapore",Fitness Studio,PASIR RIS,11846.999197728956,40510.0,True,True,True,Local
Vitality Pod @ Pasir Ris Park Carpark D,ChIJxZi27A492jERp5S9v--zK28,"201 Pasir Ris Rd, Singapore 519147",1.3820103,103.9478068,5.0,1,https://www.thegympod.com/,,fitness_center,"Pasir Ris Park, Singapore",Fitness Studio,PASIR RIS,11846.999197728956,40510.0,True,False,True,Local
Pasir Ris East Community Club,ChIJURXsNa092jERHMncG26FzIo,"1 Pasir Ris Drive 4, #01-08 East Community Building, Singapore 519457",1.3685335,103.959445,4.1,1048,,6584 2798,fitness_center,"Pasir Ris Park, Singapore",Fitness Studio,PASIR RIS,11846.999197728956,40510.0,False,True,True,Local
Civil Service Club @ Changi,ChIJ84xKhBc82jERLY4gV_u2jGo,"2 Netheravon Rd, Singapore 508503",1.3914147,103.9862467,4.3,2237,http://www.cscchangi.sg/,6709 4709,fitness_center,"Changi Village, Singapore",Fitness Studio,CHANGI,0.0,0.0,True,True,True,Local
Ketam Mountain Bike Park,ChIJVWsZeW8-2jER_oDJU6R9d10,"Pulau Ubin, Singapore 508357",1.4114816,103.9477547,4.5,332,https://www.nparks.gov.sg/activities/fitness-sport-and-wellness/mountain-biking,1800 471 7300,fitness_center,"Pulau Ubin, Singapore",Fitness Studio,PASIR RIS,11846.999197728956,40510.0,True,True,True,Local
Seletar Reservoir Park Exercise Corner,ChIJzapdlo4V2jER--4ZzBLEiOs,"99 Yishun Ave 1, Singapore 769139",1.4105123,103.8329702,5.0,4,,,fitness_center,"Pulau Seletar, Singapore",Fitness Studio,YISHUN,9019.018663760686,65153.0,False,False,True,Local
Gold's Gym Personal Training - Farrer Park,ChIJkbmq-s8Z2jER8C9ztvyF4DE,"2 Tessensohn Rd, Singapore 217646",1.31652,103.85713,4.4,39,http://www.goldsgym.com.sg/,8153 7888,gym,"Little India, Singapore",Fitness Studio,KALLANG,10084.228177543,31046.0,True,True,True,Local
The Pilates Lab – Group Reformer Pilates in Serangoon Gardens,ChIJL4FFRvEX2jERcxyLTt_9pjw,"12A Maju Ave, Singapore 556690",1.364943,103.8657991,5.0,22,https://thepilateslab.sg/,8752 5597,gym,"Serangoon, Singapore",Yoga/Pilates Studio,SERANGOON,12015.227503718394,32272.0,True,True,True,Local
Clementi Neighbourhood Park Fitness Corner,ChIJ1wriNgAb2jERorJks6Njqa8,"Clementi, Singapore",1.325285,103.774068,4.0,1,,,gym,"Clementi, Singapore",Fitness Studio,CLEMENTI,11191.556927093045,26815.0,False,False,True,Local
Buona Vista Community Club,ChIJ0S3wSmoa2jER2aq7I8gFiy0,"36 Holland Dr, Singapore 270036",1.3094603,103.7926982,4.2,1091,https://www.pa.gov.sg/our-network/community-clubs/Locate-CC/detail/Buona-Vista-Community-Club,6778 5163,gym,"Redhill, Singapore",Gym,QUEENSTOWN,10724.055500982318,28504.0,True,True,True,Local
The Gym Pod @ Holland Village Park,ChIJy5PIXLgb2jERXe0JJiYv14k,"281 Holland Ave, Singapore 278996",1.3118336,103.7955225,4.5,13,https://www.thegympod.com/,,gym,"Changi Village, Singapore",Gym,BUKIT TIMAH,15710.218884329815,20472.0,True,False,True,Local
Yoga Sadhana Outram Park,ChIJA6kuQ_oZ2jEReJfRBi2ZmDg,"6 Bukit Pasoh Rd, #02-01, Singapore 089820",1.2787957,103.841023,5.0,17,https://yogasadhana.sg/,8206 7247,yoga_studio,"Chinatown, Singapore",Fitness Studio,OUTRAM,9371.743688254664,5466.0,True,True,True,Local
"Union Yoga Ayurveda, Outram Park branch",ChIJm1URqVgZ2jERbJD02GOztk0,"1 Teo Hong Rd, #01-02, Singapore 088321",1.2804145,103.8408618,4.8,141,https://unionyogaayurveda.com.sg/,8321 6170,yoga_studio,"Chinatown, Singapore",Fitness Studio,OUTRAM,9371.743688254664,5466.0,True,True,True,Local
Ki Yoga Serangoon Gardens,ChIJ5dEMZEoX2jERH3qq31t3DCA,"87A Serangoon Garden Way, Singapore 555983",1.3639963,103.8648467,4.9,36,http://www.kiyoga.com.sg/,8815 0387,yoga_studio,"Serangoon, Singapore",Fitness Studio,SERANGOON,12015.227503718394,32272.0,True,True,True,Local
Yoga Movement Serangoon Gardens,ChIJCRUYOZ4X2jERnVfAzVxtcUk,"54 Serangoon Garden Way, Serangoon Garden Post Office, 54 Serangoon Garden Way, Gardens Singpost Complex, Singapore 555950",1.3640368,103.8665596,4.0,56,http://www.yogamovement.com/,6241 4088,yoga_studio,"Serangoon, Singapore",Fitness Studio,SERANGOON,12015.227503718394,32272.0,True,True,True,Local
Third Space Pilates - Serangoon Gardens,ChIJ85aA00MX2jERtmGF9AcIeaQ,"11A, KENSINGTON PARK RD, SINGAPORE 557262, 11A Kensington Park Rd, Singapore 557263",1.3651452,103.8660689,4.9,16,http://thirdspacepilates.co/,,yoga_studio,"Serangoon, Singapore",Fitness Studio,SERANGOON,12015.227503718394,32272.0,True,False,True,Local
Arts and Movement Studio,ChIJk5u-E1MZ2jERm3SZXChajDY,"198 Geylang Rd, #05-03, Singapore 389263",1.3116895,103.8762067,0.0,0,,9853 7488,yoga_studio,"Geylang, Singapore",Fitness Studio,KALLANG,10084.228177543,31046.0,False,True,False,Local
Gold's Gym Personal Training - Serangoon Gardens,ChIJpy2wuP8W2jERyaEOYgabNr8,"14 Kensington Park Rd, Singapore 557265",1.3652414,103.8660801,4.0,1,http://www.goldsgym.com.sg/,8153 7888,personal_trainer,"Serangoon, Singapore",Fitness Studio,SERANGOON,12015.227503718394,32272.0,True,True,True,Local
Core Concepts Physiotherapy Parkway Parade,ChIJ427_mXEY2jERw5ZugcdTbYo,"80 Marine Parade Rd, #14-09 Parkway Parade, Singapore 449269",1.302156,103.9051332,4.9,659,https://www.coreconceptsphysio.sg/?utm_source=GMBlisting&utm_medium=Organic,6226 3632,personal_trainer,"Marine Parade, Singapore",Others,MARINE PARADE,12828.006335837315,13179.0,True,True,True,Local
Parkway Parade,ChIJ2WUXmnEY2jERoGOSkJVgnrY,"80 Marine Parade Rd, Singapore 449269",1.3013366,103.9052333,4.3,8962,https://www.parkwayparade.com.sg/,6344 1242,personal_trainer,"Marine Parade, Singapore",Others,MARINE PARADE,12828.006335837315,13179.0,True,True,True,Local
Pasir Ris Town Park,ChIJNTlhccg92jERBftThrByZK0,"Along, Pasir Ris Central, Opposite MRT Station, Singapore 519639",1.3720588,103.95268,4.4,6335,,1800 471 7300,personal_trainer,"Pasir Ris Park, Singapore",Others,PASIR RIS,11846.999197728956,40510.0,False,True,True,Local
Punggol West Community Centre,ChIJJQf5a-EV2jERL3qNF7NYPw0,"Block 259C Punggol Fld, #01-47, Singapore 823259",1.4042038,103.895652,4.3,74,https://www.onepa.gov.sg/cc/punggol-west-cc,6444 1128,clinical pilates,"Punggol, Singapore",Yoga/Pilates Studio,PUNGGOL,10475.132530236871,51758.0,True,True,True,Local
Civil Service Club @ Bukit Batok,ChIJMduSTzgQ2jERm52nxYo5Zps,"91 Bukit Batok West Ave 2, Singapore 659206",1.3532454,103.7484442,4.3,1951,http://www.cscbukitbatok.sg/,6513 7480,clinical pilates,"Bukit Batok, Singapore",Yoga/Pilates Studio,BUKIT BATOK,10063.376106008258,47468.0,True,True,True,Local
Synergy Physiotherapy - King Albert Park,ChIJ66eOUcER2jERGhcQcsQFfg4,"03-04 Sime Darby Centre 896 Dunearn Road Just Opp King Albert Part MRT, Singapore 589472",1.336791,103.7836817,5.0,13,http://www.synergyphysio.com.sg/,6463 0905,clinical pilates,"Bukit Panjang, Singapore",Yoga/Pilates Studio,BUKIT TIMAH,15710.218884329815,20472.0,True,True,True,Local
Prorehab Farrer Park,ChIJHX2SpXkZ2jERDLmvEH2yuLA,"213 Rangoon Rd, Singapore 218455",1.3176857,103.8524867,5.0,88,https://www.prorehab.sg/,8815 0758,clinical pilates,"Pulau Seletar, Singapore",Yoga/Pilates Studio,KALLANG,10084.228177543,31046.0,True,True,True,Local
Tiong Bahru Community Centre,ChIJScI1FHoZ2jERNfs4hj7_ytE,"67A Eu Chin St, Singapore 169715",1.2834582,103.831883,4.2,383,https://www.pa.gov.sg/our-network/community-clubs/Locate-CC/detail/Tiong-Bahru-Community-Centre,6223 0748,Lagree,"Tiong Bahru, Singapore",Yoga/Pilates Studio,SINGAPORE RIVER,0.0,0.0,True,True,True,Local
Sembawang Hot Spring Park,ChIJWwsOaXkT2jERYqyeEFN3rPA,"Along, Gambas Ave, Singapore 756952",1.4343488,103.8224691,4.3,1688,https://www.nparks.gov.sg/contact-us,1800 471 7300,hot yoga,"Sembawang, Singapore",Yoga/Pilates Studio,MANDAI,0.0,0.0,True,True,True,Local
Yishun Park,ChIJi1mpD2oU2jERl1nZ8rZofAE,Singapore,1.4245497,103.8425364,4.3,428,,,hot yoga,"Yishun, Singapore",Yoga/Pilates Studio,YISHUN,9019.018663760686,65153.0,False,False,True,Local
Keat Hong Community Club,ChIJVVVVVegR2jER_ncZsSw8hfM,"2 Choa Chu Kang Loop, #01-01, Singapore 689687",1.3841444,103.744825,4.2,1100,,6769 4194,hot yoga,"Choa Chu Kang, Singapore",Yoga/Pilates Studio,CHOA CHU KANG,10535.758835482462,52657.0,False,True,True,Local
The Ring Boxing Community CCK,ChIJq9VyamAR2jERPcWRsGuTqCw,"28 Choa Chu Kang Dr, Level 3 SAFRA, Singapore 689964",1.3882043,103.7470838,4.5,32,https://www.instagram.com/thering_cck/,8950 8495,hot yoga,"Choa Chu Kang, Singapore",Yoga/Pilates Studio,CHOA CHU KANG,10535.758835482462,52657.0,True,True,True,Local
Changi Simei Community Club,ChIJrzknUh892jERvwiQA4cBlu4,"10 Simei Street 2, Singapore 529915",1.3448021,103.9550323,4.2,880,,6787 5265,hot yoga,"Simei, Singapore",Yoga/Pilates Studio,TAMPINES,10327.216990999425,72662.0,False,True,True,Local
Pasir Ris Central Community Club,ChIJb4bO2YE92jERpIF7p1BCJPY,"536 Pasir Ris Dr 1, #01-286, Singapore 510536",1.3706948,103.9497944,5.0,2,,6322 7860,yin yoga,"Pasir Ris Park, Singapore",Yoga/Pilates Studio,PASIR RIS,11846.999197728956,40510.0,False,True,True,Local
Skypark Sentosa by AJ Hackett,ChIJ4wQkC_kb2jERWQbscMaxu0Y,"30 Siloso Bch Walk, Sentosa Island, 30, Singapore 099011",1.2551584,103.8133212,4.6,1066,https://www.skyparksentosa.com/,6911 3070,aerial yoga,"Sentosa, Singapore",Yoga/Pilates Studio,SOUTHERN ISLANDS,0.0,0.0,True,True,True,Local
Dairy Farm Park Connector Fitness Station,ChIJhbpOJgAR2jERx241ISLOhgo,"11 Dairy Farm Rd, Singapore 679040",1.3656046,103.7674181,5.0,1,,,personal training studio,"Bukit Panjang, Singapore",Fitness Studio,BUKIT PANJANG,10223.16462037638,38525.0,False,False,True,Local
Spartans Boxing Club Serangoon Gardens,ChIJy6zT8Y0X2jERLOKLDMzpP5Y,"56A Serangoon Garden Way, Singapore 555952",1.364441,103.8656885,5.0,85,https://spartansboxing.com/serangoon-gardens/,8921 2600,powerlifting gym,"Pulau Serangoon, Singapore",Gym,SERANGOON,12015.227503718394,32272.0,True,True,True,Local
Duxton Plain Park Calisthenics Fitness Corner,ChIJfRlYVWwZ2jERSy_8N9cwJZU,"1 Cantonment Rd, Singapore 080001 Cantonment Rd, Singapore 080001",1.2774169,103.8419245,5.0,2,,,weightlifting gym,"Kusu Island, Singapore",Fitness Studio,OUTRAM,9371.743688254664,5466.0,False,False,True,Local
Calisthenics Park,ChIJzVvYFwAT2jERFK1LzAD8xSI,"646 Woodlands Ring Rd, Singapore 730646",1.4376272,103.8000492,3.0,2,,,calisthenics gym,"Woodlands, Singapore",Gym,MANDAI,0.0,0.0,False,False,True,Local
Bishan East Community Park Fitness Corner,ChIJczNoW_YX2jERKiGofCxhtrM,"187 Bishan St. 13, Singapore 570187",1.3486286,103.8515171,0.0,0,,,calisthenics gym,"Bishan, Singapore",Fitness Studio,TOA PAYOH,10071.888371896875,35569.0,False,False,False,Local
Exercise Park,ChIJRYg7aTgW2jERzmol5yapSgg,"3 Hougang Ave 6, Singapore 538808 Hougang Ave 6, Singapore 538808",1.3742295,103.8921592,4.2,10,,,calisthenics gym,"Hougang, Singapore",Gym,HOUGANG,10153.063186096142,65133.0,False,False,True,Local
320D Anchorvale drive calisthenics park,ChIJa_J9j_sX2jERS0v9-zSEOgg,"320C Anchorvale Dr, Singapore 543320",1.3908814,103.8911997,3.0,2,,,calisthenics gym,"Sengkang, Singapore",Gym,SENGKANG,10549.841220784238,72478.0,False,False,True,Local
Fitness Park,ChIJNw2H3rEb2jERqoUSjBc0qM8,"334 Clementi Ave 2, Block 334, Singapore 120334",1.3157603,103.7683659,0.0,0,,,calisthenics gym,"Clementi, Singapore",Fitness Studio,CLEMENTI,11191.556927093045,26815.0,False,False,False,Local
CP Exercise Park,ChIJNQbc00ka2jERV4xDxJSGGWM,Singapore,1.2966036,103.7975668,3.7,7,,,calisthenics gym,"Queenstown, Singapore",Gym,QUEENSTOWN,10724.055500982318,28504.0,False,False,True,Local
Fitness Park and Playground,ChIJyYMrDvwZ2jERKyWRlB2LP0E,"9c Boon Tiong Rd, Singapore 169369",1.2864674,103.8314976,4.0,1,,,calisthenics gym,"Tiong Bahru, Singapore",Fitness Studio,SINGAPORE RIVER,0.0,0.0,False,False,True,Local
NOVA Training @Farrer Park,ChIJF17Xe8sZ2jERe17xGnbg5fU,"398 Race Course Rd, Singapore 218651",1.3153341,103.8573992,0.0,0,,8927 1488,functional training,"Little India, Singapore",Fitness Studio,KALLANG,10084.228177543,31046.0,False,True,False,Local
The Gym Pod @ Alexandra Technopark,ChIJ7RNtZn8b2jERPiNosg0tONQ,"438A Alexandra Rd, Alexandra Technopark, Singapore 119967",1.2778152,103.8007589,4.2,22,http://www.thegympod.com/,,functional training,"Redhill, Singapore",Fitness Studio,BUKIT MERAH,10092.468693505003,45358.0,True,False,True,Local
Pasir Ris Elias Community Club,ChIJNfo_ur492jERsuHW17b5OEs,"93 Pasir Ris Dr 3, Singapore 519498",1.3783283,103.942844,4.2,837,,6583 1220,circuit training,"Pasir Ris, Singapore",Fitness Studio,PASIR RIS,11846.999197728956,40510.0,False,True,True,Local
Toa Payoh East Community Club,ChIJ__M9jW8X2jERDBEGQCQ2fJU,"160 Lor 6 Toa Payoh, Singapore 319380",1.3362303,103.8546523,4.1,210,https://www.facebook.com/TPECSC/,,circuit training,"Toa Payoh, Singapore",Fitness Studio,TOA PAYOH,10071.888371896875,35569.0,True,False,True,Local
Hougang ActiveSG Sports Centre,ChIJkXNe_kgW2jERdbA8eINhaAc,"93 Hougang Ave 4, Singapore 538832",1.3706138,103.8885266,4.0,302,https://www.activesgcircle.gov.sg/facilities/hougang-sport-centre,6315 8671,circuit training,"Hougang, Singapore",Fitness Studio,HOUGANG,10153.063186096142,65133.0,True,True,True,Local
Leng Kee Community Club,ChIJZ4nitywa2jERVHZmtznHoJY,"400 Lengkok Bahru, #01-01, Singapore 159049",1.2897812,103.8143171,4.5,93,https://www.onepa.gov.sg/cc/leng-kee-cc,6473 5007,circuit training,"Pulau Damar Darat, Singapore",Fitness Studio,TANGLIN,16323.82970252404,6656.0,True,True,True,Local
Rower's Bay Park,ChIJ67h-A0oU2jERANQwK1wnId8,"Seletar Club Rd, Singapore 798273",1.4218848,103.8635461,4.5,491,https://www.nparks.gov.sg/,,circuit training,"Pulau Seletar, Singapore",Fitness Studio,SELETAR,0.0,0.0,True,False,True,Local
Nee Soon East Community Club,ChIJVWNV5GUU2jER2Y-RPCaMni0,"1 Yishun Ave 9, Singapore 768893",1.4309056,103.8386666,4.3,1048,https://www.pa.gov.sg/our-network/community-clubs/Locate-CC/detail/Nee-Soon-East-Community-Club,6257 0446,EMS training,"Yishun, Singapore",Fitness Studio,YISHUN,9019.018663760686,65153.0,True,True,True,Local
The Ring Boxing Community (Orchard),ChIJ9Xzx0ngZ2jERXXs8uHAzPf0,"1 Claymore Dr, #01-01A, Singapore 229594",1.3077973,103.8293331,4.9,36,http://www.thering.sg//?utm_source=GMBlisting&utm_medium=organic,8922 1364,boxing gym,Singapore,Gym,ORCHARD,0.0,0.0,True,True,True,General
Equilibrium Mixed Martial Arts,ChIJwRtlspEZ2jEREjpDDKTmBjM,"8 Grange Road, Cineleisure, #04-03 Orchard, Singapore 239695",1.3016866,103.8365735,4.4,67,http://equilibrium-mma.com/,9616 4390,boxing gym,"Orchard Road, Singapore",Gym,ORCHARD,0.0,0.0,True,True,True,Local
Wan Wu Sports and Martial Arts Academy (Woodlands),ChIJh57GNZkT2jERDtMNLPX7l7Y,"722 Woodlands Ave 6, Singapore 730722",1.4453348,103.7990766,0.0,0,http://www.wanwusports.com/,9146 8890,boxing gym,"Woodlands, Singapore",Gym,WOODLANDS,9184.241848443537,70416.0,True,True,False,Local
Wan Wu Sports and Martial Arts Academy (Seng kang),ChIJy6Hn70UY2jERbYw6RoS_r2Q,"216 Compassvale Dr, Singapore 542216",1.3907106,103.8932759,0.0,0,http://www.wanwusports.com/,9146 8890,boxing gym,"Punggol, Singapore",Gym,SENGKANG,10549.841220784238,72478.0,True,True,False,Local
Wan Wu Sports And Martial Arts Academy (Seletar),ChIJVSnJDh4X2jER_DtULQv3GHE,"435 Sengkang W Ave, Singapore 790435",1.3932385,103.8769844,0.0,0,http://www.wanwusports.com/,9146 8890,boxing gym,"Sengkang, Singapore",Gym,SENGKANG,10549.841220784238,72478.0,True,True,False,Local
Kali Majapahit Martial Arts,ChIJhQTkXQoZ2jERG1pKP9HjpBA,"405 River Valley Rd, Singapore 248303",1.2953381,103.8300102,4.9,54,https://www.kali-majapahit.com/,6534 5254,kickboxing,"Orchard Road, Singapore",Martial Arts,RIVER VALLEY,15695.421208530806,3376.0,True,True,True,Local
"Fight Academy Singapore - Martial Arts, Self Defense & Fitness",ChIJ0_BCMKEX2jERREXowmhZkUc,"95 Joo Chiat Rd, Level 3 & 4, Singapore 427389",1.3140549,103.899299,5.0,92,https://www.fightacademy.sg/,9781 8839,kickboxing,"Bedok, Singapore",Fitness Studio,GEYLANG,9511.15418625147,34040.0,True,True,True,Local
Singapore Taekwon-do Academy Yishun Northpoint #03-38 Little Arts Academy,ChIJiysigHUX2jEREmknvEIO5do,"Northpoint City Mall, Level 03-38 North Wing, at, Little Arts Academy Studio, Singapore 769098",1.4293761,103.8361119,4.9,109,https://tkd.sg/yishun.html,8818 8010,kickboxing,"Sembawang, Singapore",Martial Arts,YISHUN,9019.018663760686,65153.0,True,True,True,Local
Johan Taekwondo Institute | Martial Arts School Singapore | Serangoon,ChIJCzuogAMX2jERXTCK30piU64,"69 Serangoon Garden Way, Singapore 555965",1.3636892,103.8653104,4.9,40,http://johantaekwondo.com/,6288 6993,kickboxing,"Serangoon, Singapore",Martial Arts,SERANGOON,12015.227503718394,32272.0,True,True,True,Local
Sportszilla Martial Arts,ChIJHc0Nzv8X2jERFwiZQN0cLeU,"1 Charlton Ln, #01-05, Singapore 539631",1.355563,103.881539,5.0,19,http://www.sportszilla.sg/,9773 2744,kickboxing,"Hougang, Singapore",Martial Arts,HOUGANG,10153.063186096142,65133.0,True,True,True,Local
Grasio Sports Silat School - Punggol 21 Community Centre,ChIJ0aAROgIW2jERM9RQRUubkLU,"172C Edgedale Plains, Singapore 823172",1.395621,103.91228,0.0,0,http://grasio.webs.com/,9693 7320,kickboxing,"Punggol, Singapore",Martial Arts,PUNGGOL,10475.132530236871,51758.0,True,True,False,Local
Johan Taekwondo Institute | Martial Arts School Singapore | Sengkang,ChIJKzf-NWEW2jERckFC0vXZHgA,"8 Jalan Selaseh, Seletar HIlls Estate, Singapore 808436",1.3861744,103.8733746,4.4,7,http://johantaekwondo.com/,6754 9005,kickboxing,"Sengkang, Singapore",Martial Arts,SENGKANG,10549.841220784238,72478.0,True,True,True,Local
Singapore Taekwon-do Academy @ Civil Service Club Bukit Batok,ChIJGUEbATkQ2jERDEIDCaMU4dE,"Civil Service Club Bukit Batok, (Saturdays 3.00 PM, Master Aaron Huan, 6th Dan),, 91 Bukit Batok West Ave 2, Singapore 659206",1.3526947,103.7489605,4.9,10,https://tkd.sg/,9855 5446,kickboxing,"Bukit Batok, Singapore",Martial Arts,BUKIT BATOK,10063.376106008258,47468.0,True,True,True,Local
FaMA - Fitness and Martial Arts Brazilian Jiu-Jitsu (BJJ) Classes,ChIJo1X_9Z8Z2jERvNjqZlptNIk,"427 River Valley Rd, Singapore 248326",1.2951327,103.8293647,4.9,222,https://famafit.com/,9862 0501,kickboxing,"Tiong Bahru, Singapore",Fitness Studio,RIVER VALLEY,15695.421208530806,3376.0,True,True,True,Local
Singapore Taekwon-do Academy @ Pasir Ris Green Oval Park,ChIJFXDPRJU92jERY_GOu1mhl40,"706 Pasir Ris Drive 10, #01-157, Singapore 510706",1.380944,103.938282,0.0,0,https://tkd.sg/,8818 8010,kickboxing,"Pasir Ris Park, Singapore",Martial Arts,PASIR RIS,11846.999197728956,40510.0,True,True,False,Local
Kali Majapahit Martial Arts,ChIJXxQWyP8W2jERgbij450_0Wg,"767 Upper Serangoon Rd, #01-05, Singapore 534635",1.3547058,103.8782931,4.2,10,https://kali-majapahit.com/,6534 5254,kickboxing,"Pulau Serangoon, Singapore",Martial Arts,SERANGOON,12015.227503718394,32272.0,True,True,True,Local
Jungle Martial Arts,ChIJE9jPTO0Z2jERxL7ZmOqc0e8,"41A N Canal Rd, Singapore 059297",1.2871506,103.8468728,5.0,12,http://www.junglemartialarts.sg/,8498 6420,MMA gym,"Tiong Bahru, Singapore",Gym,OUTRAM,9371.743688254664,5466.0,True,True,True,Local
Maverick Martial Arts,ChIJJcfqnBIY2jER7mSagLiF3ec,"322 Joo Chiat Rd, Singapore 427579",1.3093051,103.9023354,4.6,28,https://www.facebook.com/maverickmartialartssg/,,MMA gym,"Katong, Singapore",Gym,MARINE PARADE,12828.006335837315,13179.0,True,False,True,Local
Trifecta Martial Arts (Harbourfront),ChIJ_xUh5xEb2jERCikB11v21s0,"370A Telok Blangah Rd, lvl 2, Singapore 098835",1.2691086,103.8146549,5.0,1,http://www.trifecta.com.sg/,8111 7019,Brazilian Jiu-Jitsu,"Queenstown, Singapore",Others,BUKIT MERAH,10092.468693505003,45358.0,True,True,True,Local
Tanglin Community Club,ChIJia6dov4Z2jERjdeO3xGAx8U,"245 Whitley Rd, Singapore 297829",1.3233488,103.8268267,4.2,316,https://www.onepa.gov.sg/cc/tanglin-cc,6251 3922,Brazilian Jiu-Jitsu,"Pulau Ayer Merbau, Singapore",Others,NOVENA,12399.320787338742,15038.0,True,True,True,Local
Toa Payoh Central Community Club,ChIJW7BptGEX2jERMRaGgsi2fNM,"93 Toa Payoh Central, Singapore 319194",1.3347998,103.8503959,4.3,124,,6252 1249,judo,"Toa Payoh, Singapore",Martial Arts,TOA PAYOH,10071.888371896875,35569.0,False,True,True,Local
FightSpur Karate (Kovan - Surin Park),ChIJR-jcNhIV2jER4eCVRs70cLs,"71 Surin Ave, Singapore 535650",1.3556641,103.8836698,5.0,19,https://www.fightspur.com/,9784 6111,judo,"Hougang, Singapore",Martial Arts,HOUGANG,10153.063186096142,65133.0,True,True,True,Local
Singapore Taekwon-do Academy @ Punggol Gardens,ChIJYwdP0hcW2jER6752fY-Qrko,"Punggol East, Master Aaron Huan 6th Dan 171 C Basketball Court, Singapore 821163",1.3949049,103.9134293,4.9,17,https://tkd.sg/,9855 5446,judo,"Punggol, Singapore",Martial Arts,PUNGGOL,10475.132530236871,51758.0,True,True,True,Local
Bukit Batok East Community Club,ChIJz9f-20MQ2jERCEDdxLvPfFk,"268 Bukit Batok East Ave 4, #01-256, Singapore 650268",1.3493318,103.7591068,4.0,622,https://www.facebook.com/bukitbatokeast/,6565 9330,judo,"Bukit Batok, Singapore",Martial Arts,BUKIT BATOK,10063.376106008258,47468.0,True,True,True,Local
Aikido Shinjukai Chua Chu Kang Community Club,ChIJA5TjJwAR2jERIUVS5QbXmYI,"35 Teck Whye Ave, Chua Chu Kang Community Club, Singapore 688892",1.3811877,103.7518505,0.0,0,https://aikidoshinjukai.com.sg/contact-us.html,6513 1588,judo,"Choa Chu Kang, Singapore",Martial Arts,CHOA CHU KANG,10535.758835482462,52657.0,True,True,False,Local
Kim Seng Community Centre,ChIJx-6Lg4IZ2jERfBWa3SzWvA8,"570 Havelock Rd, Singapore 169640",1.2894666,103.8310287,4.1,308,,6272 3878,judo,"Tiong Bahru, Singapore",Martial Arts,SINGAPORE RIVER,0.0,0.0,False,True,True,Local
Singapore Taekwon-do Academy @ Mandarin Gardens Marine Parade East Coast,ChIJS9NO_7I92jERsvpPQbq4elE,"Mandarin Gardens Clubhouse, Marine Parade Siglap, E Coast Rd, Singapore 448908",1.3077962,103.9250582,5.0,3,https://tkd.sg/,9845 6442,judo,"Marine Parade, Singapore",Martial Arts,BEDOK,10710.615373350993,78532.0,True,True,True,Local
Singapore Taekwon-do Academy @ Everton Park,ChIJiXSgm24Z2jERONAf_SsvJJw,"Everton Park RC, (Wed 7.30 PM, Master Albert Ong, 5th Dan, at 1A Hall #01-04, 6 Everton Park, Singapore 080006",1.277332,103.8403845,5.0,1,https://tkd.sg/,8818 8010,taekwondo,"Marina Bay, Singapore",Martial Arts,OUTRAM,9371.743688254664,5466.0,True,True,True,Local
Singapore Taekwon-do Academy @ Civil Service Club Tessensohn,ChIJVwe_XcUZ2jERPC9Xr_a_XbI,"Civil Service Club Tess, Sat 3pm Master Albert Ong Tessensohn Balestier Serangoon, Singapore 217664",1.3158756,103.8561401,4.3,13,https://tkd.sg/csc-tessensohn.html,8818 8010,taekwondo,"Little India, Singapore",Martial Arts,KALLANG,10084.228177543,31046.0,True,True,True,Local
Tampines West Community Club,ChIJW2RO4zE92jERB0zfdzfmxzc,"5 Tampines Ave 3, #01 05, Singapore 529705",1.3488917,103.9355738,4.4,365,,6788 1912,taekwondo,"Tampines, Singapore",Martial Arts,PAYA LEBAR,0.0,0.0,False,True,True,Local
Clementi Community Centre,ChIJq6qq2oUa2jERdIXhE3knPCM,"220 Clementi Ave 4, Singapore 129880",1.3189456,103.7680816,4.2,902,,6776 1670,taekwondo,"Clementi, Singapore",Martial Arts,CLEMENTI,11191.556927093045,26815.0,False,True,True,Local
Wan Wu Sports And Martial Arts Academy(Holland),ChIJp9ozPwsb2jERBUXWsSmHW3Y,"5b Holland Cl, Singapore 274005",1.3078982,103.7964255,0.0,0,https://www.wanwusports.com/,9146 8890,taekwondo,"Queenstown, Singapore",Martial Arts,QUEENSTOWN,10724.055500982318,28504.0,True,True,False,Local
Time Park,ChIJL2uQ_6092jERUjGwj5hMdJo,"417 Pasir Ris Drive 6, Block 417, Singapore 510417",1.3726521,103.9551028,4.6,22,,,taekwondo,"Pasir Ris Park, Singapore",Martial Arts,PASIR RIS,11846.999197728956,40510.0,False,False,True,Local
Cheng San Community Club,ChIJPYyYbeYW2jERzWoaDgHfUhw,"435 Ang Mo Kio Ave 10, Singapore 560435",1.37198,103.8493215,4.1,490,https://www.onepa.gov.sg/cc/cheng-san-cc,6458 8222,karate,"Ang Mo Kio, Singapore",Martial Arts,ANG MO KIO,9398.25493644068,47200.0,True,True,True,Local
Paya Lebar Kovan Community Club,ChIJjZmLx7YX2jERHvqG7bqaBpE,"207 Hougang St 21, Singapore 530207",1.3576889,103.8864475,4.1,215,,6284 4261,karate,"Hougang, Singapore",Martial Arts,HOUGANG,10153.063186096142,65133.0,False,True,True,Local
Hillview Community Club,ChIJAcs3hFIQ2jERyK9SYBlkYKc,"1 Hillview Rise, #01-01, Singapore 667970",1.361984,103.7642603,4.2,377,,6515 0075,karate,"Bukit Batok, Singapore",Martial Arts,BUKIT PANJANG,10223.16462037638,38525.0,False,True,True,Local
Zhenghua Community Club,ChIJn3ut854R2jERfkj909V6YhA,"640A Senja Cl, Singapore 671640",1.3868358,103.7717063,3.9,514,https://zhenghua.pa.gov.sg/,6310 6702,karate,"Bukit Panjang, Singapore",Martial Arts,CHOA CHU KANG,10535.758835482462,52657.0,True,True,True,Local
"World Nam Wah Pai Association- Qigong, Tai Chi & Martial Arts",ChIJsxecgDwY2jER10hnGAIgQas,"9 Lor 29 Geylang, #05-02, Singapore 388065",1.3145236,103.8855757,5.0,254,https://namwahpai.sg/,9857 4553,karate,"Geylang, Singapore",Martial Arts,GEYLANG,9511.15418625147,34040.0,True,True,True,Local
Nee Soon Central Community Club,ChIJq7C_6m8U2jERTnac8Wp_HgY,"1 North Point Dr, Singapore 768019",1.4265156,103.8359368,4.3,529,https://www.onepa.gov.sg/cc/nee-soon-central-cc,6752 7687,Krav Maga,"Yishun, Singapore",Martial Arts,YISHUN,9019.018663760686,65153.0,True,True,True,Local
Action Reaction Krav Maga & Martial Arts,ChIJZ8O9xKoZ2jERlaea5JjrFvU,"36 Craig Rd, Singapore 089674",1.2784007,103.8418496,1.0,1,,,Krav Maga,"Pulau Semakau, Singapore",Martial Arts,OUTRAM,9371.743688254664,5466.0,False,False,True,Local
Silat Road Sikh Temple,ChIJhxAthGUZ2jERsrkOyo65GI8,"8 Jalan Bukit Merah, Silat Road Sikh Temple, Singapore 169541",1.2770886,103.8326777,4.8,1596,,6222 2208,silat,Singapore,Martial Arts,OUTRAM,9371.743688254664,5466.0,False,True,True,General
Teck Ghee Community Club,ChIJgzz7dR0X2jERCfhmeqRQOtw,"861 Ang Mo Kio Ave 10, Singapore 569734",1.363096,103.853577,4.4,863,http://www.pa.gov.sg/,6456 7123,silat,"Ang Mo Kio, Singapore",Martial Arts,SERANGOON,12015.227503718394,32272.0,True,True,True,Local
Yio Chu Kang Community Club,ChIJFdT088AW2jERv4-U3wAxo0E,"50 Ang Mo Kio St. 61, Singapore 569163",1.3815595,103.8414105,4.0,401,https://www.onepa.gov.sg/cc/yio-chu-kang-cc,6457 0414,silat,"Ang Mo Kio, Singapore",Martial Arts,ANG MO KIO,9398.25493644068,47200.0,True,True,True,Local
Toa Payoh South Community Club,ChIJk5MlfXoX2jERuQq2GKQ5PRQ,"1999 Lor 8 Toa Payoh, Singapore 319258",1.3349224,103.8593405,4.0,163,,6259 6602,silat,"Toa Payoh, Singapore",Martial Arts,TOA PAYOH,10071.888371896875,35569.0,False,True,True,Local
太陽宮 Tai Yeong Kon Temple,ChIJzXxqhWUZ2jERimou6gAWi5k,"85A Silat Rd, Tai Yeong Kan Temple, Singapore 168851",1.2775946,103.8289212,4.7,23,,6271 0093,silat,"Redhill, Singapore",Martial Arts,BUKIT MERAH,10092.468693505003,45358.0,False,True,True,Local
Chia Leng Kong Heng Kang Tian Temple,ChIJlSUzi2QZ2jERgYRI4B9FGfg,"85A Silat Rd, Singapore 168871",1.277668,103.8288837,5.0,4,,6273 7877,silat,"Tiong Bahru, Singapore",Martial Arts,BUKIT MERAH,10092.468693505003,45358.0,False,True,True,Local
Silat Avenue Park,ChIJYdfKFQAZ2jERCGay61_tv1E,"3 Silat Ave, Singapore 168873",1.2761495,103.8299897,4.5,2,http://www.nparks.gov.sg/,,silat,"Tiong Bahru, Singapore",Martial Arts,BUKIT MERAH,10092.468693505003,45358.0,True,False,True,Local
Henderson Community Club,ChIJOZIFa34Z2jERL9_IhYLjUH4,"500 Bukit Merah Vw, Singapore 159682",1.2858271,103.823121,4.1,339,,6271 0168,silat,"Tiong Bahru, Singapore",Martial Arts,RIVER VALLEY,15695.421208530806,3376.0,False,True,True,Local
Central Sikh Gurdwara Board,ChIJG5TohGUZ2jERZyALj5bxBwE,"8 Jalan Bukit Merah, Singapore 169541",1.2771055,103.8324966,4.9,22,,6221 5773,silat,"Tiong Bahru, Singapore",Martial Arts,OUTRAM,9371.743688254664,5466.0,False,True,True,Local
Underpass to Silat Road,ChIJDx8QfQAZ2jERJRvi404Pi30,"136 Jalan Bukit Merah, Singapore 160136",1.2778922,103.827859,0.0,0,,,silat,"Tiong Bahru, Singapore",Martial Arts,BUKIT MERAH,10092.468693505003,45358.0,False,False,False,Local
Sikh Centre,ChIJayMnhWUZ2jER-Hjnjxq6UrM,"9 Jalan Bukit Merah, Silat Road Sikh Temple, Singapore 169543",1.2770449,103.8327735,4.8,34,,6327 2004,silat,"Outram, Singapore",Martial Arts,OUTRAM,9371.743688254664,5466.0,False,True,True,Local
Kallang Community Club,ChIJVVVVBdIZ2jERvblaxcflgVc,"45 Boon Keng Rd, Singapore 339771",1.3179854,103.8624274,4.0,550,,6298 4582,silat,"Kallang, Singapore",Martial Arts,KALLANG,10084.228177543,31046.0,False,True,True,Local
Geylang West Community Club,ChIJOa5WOTIY2jER3vTbKwtyREo,"1205 Upper Boon Keng Rd, Singapore 387311",1.3156448,103.8724633,3.9,249,,6748 3024,silat,"Boon Keng, Singapore",Martial Arts,KALLANG,10084.228177543,31046.0,False,True,True,Local
Joo Chiat Community Club,ChIJ0Rz6Sg0Y2jERmgd6ZjD41YE,"405 Joo Chiat Rd, Singapore 427633",1.3074361,103.904113,3.9,173,,6344 1926,silat,"Marine Parade, Singapore",Martial Arts,MARINE PARADE,12828.006335837315,13179.0,False,True,True,Local
GoCycling @ Pasir Ris Town Park,ChIJLfCAnbg92jERHlcwTTvRfD8,"45 Pasir Ris Dr 3, Singapore 519500",1.3747615,103.9522904,3.4,18,https://gocycling.sg/,9389 3447,spin studio,"Pasir Ris, Singapore",Fitness Studio,PASIR RIS,11846.999197728956,40510.0,True,True,True,Local
Rodalink Jurong East Bicycle Megastore,ChIJ-yLjZ3UQ2jERlWfmHkGFFm0,"18 Boon Lay Way, #01-98D Tradehub 21, Singapore, 609966",1.3286644,103.751975,4.5,1123,https://www.rodalink.com/sg/,6795 4320,spin studio,"Jurong East, Singapore",Fitness Studio,CLEMENTI,11191.556927093045,26815.0,True,True,True,Local
GoCycling @ Pasir Ris Park,ChIJe36g8fk92jERSd3DKLVLazQ,"51 Pasir Ris Green, Singapore 518226",1.3785204,103.9485932,4.1,22,http://www.gocycling.sg/,8831 3632,spin studio,"Pasir Ris Park, Singapore",Fitness Studio,PASIR RIS,11846.999197728956,40510.0,True,True,True,Local
Rodalink East Coast Bicycle Superstore,ChIJ_dCc17si2jER0pYQKsql7Dw,"166B Upper E Coast Rd, Singapore 455270",1.3137541,103.9319108,4.8,974,https://www.rodalink.com/sg/rodalink-east-coast,6242 8330,rhythm cycling,"Bedok, Singapore",Cycling/Spin,BEDOK,10710.615373350993,78532.0,True,True,True,Local
Bike Stop @ East Coast Park Area E2 (Coastline Leisure),ChIJLTh2WZUi2jER98cYww3Qiig,"1220 ECP, Singapore 468960",1.3071847,103.9365023,4.2,783,http://coastlineleisure.com.sg/,6443 3489,rhythm cycling,"Bedok, Singapore",Cycling/Spin,BEDOK,10710.615373350993,78532.0,True,True,True,Local
Jurong Spring Community Club,ChIJ7zhb19wP2jERictRTHw9CFo,"8 Jurong West Street 52, Singapore 649296",1.3484263,103.717966,4.1,493,,6562 4066,rhythm cycling,"Jurong West, Singapore",Cycling/Spin,JURONG WEST,9632.399985216842,74409.0,False,True,True,Local
Whisk & Paddle (Bt Gombak Park),ChIJnWSfmy8R2jER6liptoRmWTc,"816 Bukit Batok West Ave. 5, #01-01, Singapore 659089",1.3673836,103.7510639,4.1,670,http://whiskandpaddle.com.sg/,6550 2330,rhythm cycling,"Bukit Batok, Singapore",Cycling/Spin,BUKIT BATOK,10063.376106008258,47468.0,True,True,True,Local
Cycle Project Store,ChIJ3QAUTXcZ2jERpgK3fuxKKgI,"57 Eng Hoon St, Unit #01-80 Block 57, Singapore 160057",1.2848749,103.8335265,4.8,110,http://www.cycleprojectstore.com/,9457 6343,rhythm cycling,"Tiong Bahru, Singapore",Cycling/Spin,SINGAPORE RIVER,0.0,0.0,True,True,True,Local
Cyclist Park,ChIJ1ePkdR8Z2jERwk1GPrMEhoU,"E Coast Park Service Rd, East Coast Park, Singapore 449880",1.3042617,103.9238781,4.6,122,https://www.nparks.gov.sg/gardens-parks-and-nature/parks-and-nature-reserves/east-coast-park/cyclist-park,,indoor cycling,"Bedok, Singapore",Cycling/Spin,BEDOK,10710.615373350993,78532.0,True,False,True,Local
GoCycling @ East Coast Park C4,ChIJByd2KZwi2jERmNu1msyWr6w,"1030 ECP, East Coast Park, Car Park C4, Singapore 449893",1.3023307,103.9178334,4.1,783,http://www.gocycling.sg/,9183 6964,indoor cycling,"Bedok, Singapore",Cycling/Spin,BEDOK,10710.615373350993,78532.0,True,True,True,Local
GoCycling @ Changi Beach Park C7,ChIJCSNMS5c92jERePDzgOf-Q28,"3 Changi Ferry Rd, Singapore 499676",1.3732229,104.0050249,3.9,7,http://gocycling.sg/,9389 3447,indoor cycling,"Changi, Singapore",Cycling/Spin,CHANGI,0.0,0.0,True,True,True,Local
Indoor Bicycle Parking @ Bukit Canberra ActiveSG Sports Hall,ChIJU_Bqc1gV2jERoQI7VxZStgQ,"21 Canberra Link, Singapore 752350",1.4489143,103.8240399,0.0,0,,,indoor cycling,"Sembawang, Singapore",Cycling/Spin,SEMBAWANG,9856.022017546808,29749.0,False,False,False,Local
Bicycle Parking @ Sembawang Hot Spring Park,ChIJ36a79JAV2jERqGt2z0zq15A,"Mandai, Singapore",1.4346173,103.8235024,5.0,1,,,indoor cycling,"Sembawang, Singapore",Cycling/Spin,MANDAI,0.0,0.0,False,False,True,Local
Sheltered Bicycle Parking Area @ Yishun MRT (Exit C/D),ChIJQS8kEjEV2jERQgOiCceg9Ic,"Yishun Ave 2, B2-133, Singapore 769098",1.4285547,103.8349515,5.0,1,,,indoor cycling,"Yishun, Singapore",Cycling/Spin,YISHUN,9019.018663760686,65153.0,False,False,True,Local
Punggol Regional Sports Centre (U/C),ChIJmcKA4HMV2jERmWSomEx6WtY,"11 Sentul Cres, Singapore 828656",1.4084829,103.9067354,3.9,33,http://punggoltown.com/,,indoor cycling,"Punggol, Singapore",Cycling/Spin,PUNGGOL,10475.132530236871,51758.0,True,False,True,Local
GoCycling @ Punggol Park,ChIJx0CRoD4W2jERlLW6DbW_TBA,"11 Hougang Ave 10, Singapore 538768",1.3785445,103.8971458,4.2,110,http://www.gocycling.sg/,9859 0053,indoor cycling,"Punggol, Singapore",Cycling/Spin,HOUGANG,10153.063186096142,65133.0,True,True,True,Local
Anchorvale Community Club,ChIJgz37DHQW2jERqjPlPqDQ9cE,"59 Anchorvale Rd, Singapore 544965",1.3967802,103.887063,4.4,983,https://www.pa.gov.sg/Our-Network/Community-Clubs/Locate-CC/detail/Anchorvale-Community-Club,6489 4959,indoor cycling,"Sengkang, Singapore",Cycling/Spin,SENGKANG,10549.841220784238,72478.0,True,True,True,Local
Kallang Park Connector,ChIJxZwgg1kZ2jERfsCcuEg0JC4,"998 Bendemeer Rd, Singapore 339945",1.3221012,103.8676558,4.4,112,https://www.nparks.gov.sg/gardens-parks-and-nature/park-connector-network/kallang-pc,,indoor cycling,"Kallang, Singapore",Cycling/Spin,KALLANG,10084.228177543,31046.0,True,False,True,Local
Bedok Reservoir Park,ChIJw62n3Vo92jERl8c1cg9hXzE,"760 Bedok Reservoir Rd, Singapore 479245",1.3391413,103.922706,4.5,3795,https://www.nparks.gov.sg/contact-us,1800 471 7300,indoor cycling,"Bedok Reservoir, Singapore",Cycling/Spin,PAYA LEBAR,0.0,0.0,True,True,True,Local
Pasir Ris Park PCN,ChIJdW0FcZ492jERNGCGfn_-tIs,Singapore,1.3878786,103.9390916,4.9,9,https://pcn.nparks.gov.sg/the-pcn-experience/glossary/,,indoor cycling,"Pasir Ris Park, Singapore",Cycling/Spin,PASIR RIS,11846.999197728956,40510.0,True,False,True,Local
Pasir Ris Park Adventure Playground,ChIJuY8mPsc92jERdf13nPQ8Pq4,"110 Pasir Ris Rd, Singapore 519113",1.3835534,103.9448345,4.6,596,http://www.nparks.gov.sg/,,indoor cycling,"Pasir Ris Park, Singapore",Cycling/Spin,PASIR RIS,11846.999197728956,40510.0,True,False,True,Local
GoCycling @ Changi Beach Park C1,ChIJB3rGjEg92jERPbpxcrVUzIA,"260 Nicoll Dr, #01-02, Singapore 498991",1.391491,103.9903,3.5,66,https://fb.com/GoCyclingSg/,9238 3451,indoor cycling,"Changi Village, Singapore",Cycling/Spin,CHANGI,0.0,0.0,True,True,True,Local
I-Running.sg | #1 Fitness Equipment Store In Singapore,ChIJCY2yJdAR2jERp2tFMqECdpk,"62 Ubi Rd 1, #10-12 Oxley Bizhub 2, Singapore 408734",1.3322686,103.892106,4.5,15,https://www.i-running.sg/,8877 0636,treadmill class,"Pulau Ular, Singapore",Fitness Studio,GEYLANG,9511.15418625147,34040.0,True,True,True,Local
East Coast Park parkrun,ChIJ97uEC7AZ2jER6aLd9dKQSKw,"Cp B1, Singapore",1.2949434,103.8931212,5.0,21,https://www.parkrun.sg/eastcoastpark/,,run club,Singapore,Others,MARINE PARADE,12828.006335837315,13179.0,True,False,True,General
A2 Parkour Gym SG - Free Runner Lodge,ChIJrziB3IwX2jERaZMGwiw3S5A,"12 Penhas Rd, #01-01, Singapore 208178",1.3097904,103.8627954,4.4,56,http://www.a2movements.com/,9184 9744,run club,"Little India, Singapore",Gym,KALLANG,10084.228177543,31046.0,True,True,True,Local
Eco Community Garden @ Our Tampines Hub,ChIJ3y9fXhI92jERRl6yaXEq_q0,"51 Tampines Ave 4, Singapore 520940 Tampines Ave 4, Singapore 520940",1.3524587,103.9411827,4.2,12,https://www.nparks.gov.sg/contact-us,,run club,"Tampines, Singapore",Others,TAMPINES,10327.216990999425,72662.0,True,False,True,Local
Bedok Reservoir parkrun,ChIJbdS47IM92jERsDYaTkCKOY0,Singapore,1.3389301,103.9219761,4.6,7,https://www.parkrun.sg/bedokreservoir/,,run club,"Bedok, Singapore",Others,PAYA LEBAR,0.0,0.0,True,False,True,Local
Pasir Ris Park Native Lawn,ChIJddXa70A92jER_DP2vi9QyI4,"Pasir Ris, Singapore",1.3784354,103.9493859,4.5,2,,,run club,"Pasir Ris, Singapore",Others,PASIR RIS,11846.999197728956,40510.0,False,False,True,Local
Pasir Ris Park Mangrove Boardwalk,ChIJebER37A92jERTCNO07FykGo,"60 Pasir Ris Dr 3, Singapore 519497",1.3778816,103.9524912,4.6,378,,,run club,"Pasir Ris, Singapore",Others,PASIR RIS,11846.999197728956,40510.0,False,False,True,Local
Pasir Ris Carpark F,ChIJF5SK08A92jERa1xhKQORLqs,"133 Pasir Ris Rd, Singapore 519149",1.3843563,103.9426012,4.5,28,,,run club,"Pasir Ris, Singapore",Others,PASIR RIS,11846.999197728956,40510.0,False,False,True,Local
Marsiling Community Club,ChIJq6qquv8S2jERFxNiPdcRSiY,"100 Admiralty Rd, Singapore 739980",1.4408695,103.7737248,4.1,575,,6269 6768,run club,"Woodlands, Singapore",Others,WOODLANDS,9184.241848443537,70416.0,False,True,True,Local
Woodlands Galaxy Community Club,ChIJH8K10p8T2jERZ1EVYVpGL8c,"31 Woodlands Ave 6, Singapore 738991",1.4390853,103.8026836,4.3,987,,6366 2218,run club,"Woodlands, Singapore",Others,MANDAI,0.0,0.0,False,True,True,Local
Canberra Community Club,ChIJFwBnxn0T2jERFDDiOhsMo_U,"2 Sembawang Cres, #01-01, Singapore 757632",1.4449347,103.8197721,4.1,1044,,6755 6369,run club,"Sembawang, Singapore",Others,SEMBAWANG,9856.022017546808,29749.0,False,True,True,Local
"Red Dynasty Paintball Park (Orchid Country Club, Yishun)",ChIJU36Xi5MQ2jERqBNCfY0amGY,"1 Orchid Club Road (Opposite (on the right when entering OCC, the guard house, Singapore 769162",1.4126256,103.8445853,4.9,1321,http://www.paintball.com.sg/,6659 4782,run club,"Yishun, Singapore",Others,YISHUN,9019.018663760686,65153.0,True,True,True,Local
Bishan parkrun,ChIJVwhkrgYX2jERROVcFRNk_ag,"Bishan-Ang Mo Kio Park, 1380 Ang Mo Kio Ave 1, Singapore 569931",1.3608105,103.850295,5.0,12,https://www.parkrun.sg/bishan/,,run club,"Ang Mo Kio, Singapore",Others,BISHAN,12483.410944381014,24524.0,True,False,True,Local
Kebun Baru Community Club,ChIJq6qqmoIZ2jER48d5nbUw7hA,"216 Ang Mo Kio Ave 4, Singapore 569897",1.3730489,103.8375807,4.3,797,https://www.onepa.gov.sg/cc/kebun-baru-cc,6457 7379,run club,"Ang Mo Kio, Singapore",Others,ANG MO KIO,9398.25493644068,47200.0,True,True,True,Local
Bishan Sports Centre Sheltered Carpark (Table Tennis),ChIJe8U2XW0X2jERuQHqruy6eqQ,"5 Bishan St 14, Bishan ActiveSG Sports Hall, Singapore 579783",1.3558491,103.8508425,4.5,11,,,run club,"Ang Mo Kio, Singapore",Others,BISHAN,12483.410944381014,24524.0,False,False,True,Local
Toa Payoh Sensory Park,ChIJq_PqmmUX2jER3ERXUQ2FTyw,"Lor. 5 Toa Payoh, Singapore",1.3351968,103.8528848,3.9,240,,,run club,"Toa Payoh, Singapore",Others,TOA PAYOH,10071.888371896875,35569.0,False,False,True,Local
The Serangoon Community Club,ChIJ53wZNFEW2jERdlyymTEEgn0,"10 Serangoon North Ave. 2, Singapore 555877",1.370095,103.8739817,4.2,1078,,6285 8833,run club,"Serangoon, Singapore",Others,SERANGOON,12015.227503718394,32272.0,False,True,True,Local
Braddell Heights Community Club,ChIJV-vzmikX2jERtLf26OLoYN8,"50 Serangoon Ave 2, #01-02, Singapore 556129",1.3517585,103.870424,4.2,53,,6288 1258,run club,"Serangoon, Singapore",Others,SERANGOON,12015.227503718394,32272.0,False,True,True,Local
Gardens by the Nim,ChIJr0tmP_kX2jERa9RpOP_FRPo,"34 Nim Terrace, Singapore 804397",1.3787202,103.8637289,4.8,4,https://www.nparks.gov.sg/contact-us,,run club,"Serangoon, Singapore",Others,SERANGOON,12015.227503718394,32272.0,True,False,True,Local
Ci Yuan Community Club,ChIJWzXCpUUW2jERt2u2OJN48A8,"51 Hougang Ave 9, Singapore 538776",1.3753132,103.8830423,4.2,3383,,6386 3717,run club,"Hougang, Singapore",Others,SENGKANG,10549.841220784238,72478.0,False,True,True,Local
Punggol 21 Community Club,ChIJrWIzRwIW2jERGPDNu6ftpCg,"80 Punggol Fld, #01-01, Singapore 828815",1.3934992,103.9135328,4.2,1088,https://www.facebook.com/share/1CHVuaKxnZ/?mibextid=wwXIfr,6312 0508,run club,"Punggol, Singapore",Others,PUNGGOL,10475.132530236871,51758.0,True,True,True,Local
Punggol Community Club,ChIJxZko9l0X2jERxiYyThifaTs,"3 Hougang Ave 6, Singapore 538808",1.3741731,103.8920413,4.3,77,https://www.onepa.gov.sg/cc/punggol-cc,6387 1833,run club,"Punggol, Singapore",Others,HOUGANG,10153.063186096142,65133.0,True,True,True,Local
Dog Run @ Punggol Waterway Park,ChIJS2H_43QV2jERrkV4OxdGRyA,"Punggol waterway park, Singapore 821313",1.4119583,103.9018672,4.1,36,,,run club,"Punggol, Singapore",Others,PUNGGOL,10475.132530236871,51758.0,False,False,True,Local
Punggol Gardens Residents' Committee,ChIJvfL9u_g92jER50-q3zQ6g_A,"163A Punggol Central, #01-177 Punggol Gardens, Singapore 821163",1.395511,103.9140679,4.5,8,https://www.onepa.gov.sg/rc/punggol-gardens-rc,,run club,"Punggol, Singapore",Others,PUNGGOL,10475.132530236871,51758.0,True,False,True,Local
Sengkang Community Club,ChIJRVcadg0W2jERQLUnN_6QBCw,"2 Sengkang Square, #01-01, Singapore 545025",1.3927683,103.8940302,4.2,1516,,6312 5400,run club,"Sengkang, Singapore",Others,SENGKANG,10549.841220784238,72478.0,False,True,True,Local
Buangkok Community Club,ChIJIdwUCbIX2jER8aXD-W7o8cQ,Singapore 544692,1.3824128,103.8926877,3.6,45,http://onepa.gov.sg/cc/buangkok-cc,6830 2340,run club,"Sengkang, Singapore",Others,SENGKANG,10549.841220784238,72478.0,True,True,True,Local
Nike Unite Store - IMM,ChIJ9bEj2g0Q2jER0_B4YWaCsBA,"2 Jurong East Street 21, #02 - 50 IMM Building, Singapore 609601",1.3345514,103.7465087,4.4,1436,https://www.nike.com/sg/retail/s/nike-factory-store-imm?cp=72178864724_seo_&y_source=1_MTgyNDA0NDItNzE1LWxvY2F0aW9uLndlYnNpdGU%3D,6896 2694,run club,"Jurong East, Singapore",Others,BUKIT BATOK,10063.376106008258,47468.0,True,True,True,Local
Nanyang Community Club,ChIJD_-PvpkP2jERktfCAIHvzXg,"60 Jurong West Street 91, Singapore 649040",1.3423866,103.6922819,4.3,1136,https://www.onepa.gov.sg/,6791 0395,run club,"Jurong West, Singapore",Others,JURONG WEST,9632.399985216842,74409.0,True,True,True,Local
Bukit Panjang Community Garden,ChIJncVYCggR2jER6ksrmuJgvpU,"210 Petir Rd, Block 210, Singapore 670210",1.3739006,103.7765232,4.3,9,https://www.nparks.gov.sg/contact-us,,run club,"Bukit Batok, Singapore",Others,BUKIT PANJANG,10223.16462037638,38525.0,True,False,True,Local
Limbang Park,ChIJ7WfiXu4R2jERSN3bZdGEu6Y,"784 Choa Chu Kang Dr, Singapore 680784",1.3904711,103.7446489,4.2,425,,,run club,"Choa Chu Kang, Singapore",Others,CHOA CHU KANG,10535.758835482462,52657.0,False,False,True,Local
Choa Chu Kang Park,ChIJRzglD-wR2jERgCmyEeAecXI,"Choa Chu Kang Dr, Singapore 688845",1.3874864,103.7474293,4.3,1838,https://www.nparks.gov.sg/gardens-parks-and-nature/parks-and-nature-reserves/choa-chu-kang-park,1800 471 7300,run club,"Choa Chu Kang, Singapore",Others,CHOA CHU KANG,10535.758835482462,52657.0,True,True,True,Local
Ngee Ann Alumni Association,ChIJ9clPpIAQ2jERRrDyDVd8L_c,"535B Clementi Rd, Blk 75 Ngee Ann Polytechnic, Singapore 599492",1.3309812,103.7754071,3.7,13,http://www.naa.org.sg/,8033 8353,run club,"Clementi, Singapore",Others,BUKIT TIMAH,15710.218884329815,20472.0,True,True,True,Local
Tiong Bahru Park,ChIJpwd8kn8Z2jERptmG8rTWrsI,"1 Henderson Rd, Singapore 159561",1.2869819,103.8247631,4.4,897,,,run club,"Tiong Bahru, Singapore",Others,RIVER VALLEY,15695.421208530806,3376.0,False,False,True,Local
Sri Siva Durga Temple,ChIJ3waWx3gX2jER1ewFTLu_zsk,"8 Potong Pasir Ave 2, Singapore 358362",1.331824,103.8666227,4.7,691,http://sivadurga.com/,6284 1898,run club,"Potong Pasir, Singapore",Others,TOA PAYOH,10071.888371896875,35569.0,True,True,True,Local
Temporary Marine Parade Community Club,ChIJ9-fAGQAZ2jERU-lS3Xe5kMo,"Block 67 Marine Dr, #01-222, Singapore 440067",1.3044467,103.9097475,0.0,0,,6346 4900,run club,"Marine Parade, Singapore",Others,MARINE PARADE,12828.006335837315,13179.0,False,True,False,Local
Dog Run @ Pasir Ris Park,ChIJ7bZAQRw92jERFS8aXVc3blE,"125 Pasir Ris Rd, Singapore 519121",1.3867936,103.9420832,3.9,24,,,run club,"Pasir Ris Park, Singapore",Others,PASIR RIS,11846.999197728956,40510.0,False,False,True,Local
Pasir Ris Park Area 4,ChIJWabVXsE92jER5C9NjLIWONI,"125 Pasir Ris Rd, Singapore 519121 Pasir Ris Rd, Singapore 519121",1.386738,103.9423035,4.5,334,,,run club,"Pasir Ris Park, Singapore",Others,PASIR RIS,11846.999197728956,40510.0,False,False,True,Local
Pasir Ris Park Connector,ChIJPaCM_rc92jERV8tCJVqWweM,"201 Pasir Ris Rd, Singapore 519147 Pasir Ris Rd, Singapore 519147",1.3819941,103.9494825,4.7,56,https://www.nparks.gov.sg/gardens-parks-and-nature/park-connector-network/pasir-ris-pc,,run club,"Pasir Ris Park, Singapore",Others,PASIR RIS,11846.999197728956,40510.0,True,False,True,Local
Campsite 1 @ Pasir Ris Park,ChIJRxbRPrU92jER9U4a_rBMjI4,"159T Jln. Loyang Besar, Singapore 506927",1.3803351,103.9596105,4.5,33,http://www.nparks.gov.sg/,,run club,"Pasir Ris Park, Singapore",Others,PASIR RIS,11846.999197728956,40510.0,True,False,True,Local
Al Capone's Changi Civil Service Club,ChIJkfnoZBA92jERaKWzokgWl2c,"2 Netheravon Rd, Singapore 508503",1.3914938,103.9857633,4.5,111,http://www.alcaponesg.com/,8750 8781,run club,"Changi Village, Singapore",Others,CHANGI,0.0,0.0,True,True,True,Local
Lower Seletar Reservoir Park,ChIJ____rBoU2jERyE5AP5-iwrc,"Yishun Ave 1, Lower Seletar Reservoir Park, Singapore 769139",1.4101641,103.8324319,4.5,2452,,1800 471 7300,run club,"Pulau Seletar, Singapore",Others,YISHUN,9019.018663760686,65153.0,False,True,True,Local
Upper Seletar Reservoir Park,ChIJcRNpHFwR2jERYHKod6yVMM0,"Mandai Rd Track 7, Singapore",1.3998531,103.8069379,4.6,1389,,,run club,"Pulau Seletar, Singapore",Others,MANDAI,0.0,0.0,False,False,True,Local
Tanglin Arts Studio,ChIJPWu1u5kQ2jERWvXXU6lV4Qc,"22 Camden Park, Hollandse Club, Singapore 299814",1.330031,103.816455,4.8,69,http://www.tanglinartsstudio.com/,8123 6770,dance studio,Singapore,Fitness Studio,NOVENA,12399.320787338742,15038.0,True,True,True,General
ACTFA School of Dance & Performing Arts,ChIJ0bOevNYb2jERwrXOCU4JwYM,"66B Racecourse Rd, Singapore 218570, Singapore 669569",1.3086521,103.8512435,4.0,12,http://www.actfa.com/,8157 7733,dance studio,"Little India, Singapore",Fitness Studio,ROCHOR,0.0,0.0,True,True,True,Local
Lindance Arts Studio (Dhoby Ghaut),ChIJa1uSaAAZ2jERsp4rKGFGhu4,"1 Selegie Rd, #03-04 GR.iD Mall, Singapore 188306",1.3001295,103.8490609,5.0,1,,8161 5626,dance studio,"Little India, Singapore",Fitness Studio,MUSEUM,0.0,0.0,False,True,True,Local
ART AND ARTIST Indian classical School of fine arts(ANASFA) Tampines,ChIJZ11Cu0k92jERYA4fJyMAJ7E,"01 Tampines Central 6, #08 5, Singapore 529482",1.353279,103.9418625,4.5,13,https://www.anasfa.com/,9653 0553,dance studio,"Tampines, Singapore",Fitness Studio,PASIR RIS,11846.999197728956,40510.0,True,True,True,Local
Art and Artist School of fine arts (ANASFA) Indian Classical Music and Dance school - Wisteria Mall Yishun,ChIJQWcbFMYV2jERw9ImhSUvNGQ,"598 Yishun Ring Rd, B1-09 Wisteria Mall, Singapore 768698",1.4178819,103.8413551,5.0,1,https://anasfa.com/,9653 0553,dance studio,"Yishun, Singapore",Fitness Studio,YISHUN,9019.018663760686,65153.0,True,True,True,Local
The Little Arts Academy Campus I,ChIJ1ZAIkrwZ2jERzdUhlBcZxm0,"930 Yishun Ave 2, #03-38, Singapore 769098",1.4292459,103.8360894,4.3,9,http://www.thelittleartsacademy.sg/,6513 3013,dance studio,"Yishun, Singapore",Fitness Studio,YISHUN,9019.018663760686,65153.0,True,True,True,Local
TruDance Punggol Park CC (Hougang),ChIJF0BfTTkW2jERNXmQtfzzfK8,"458 Hougang Ave 10, Singapore 530458",1.3777299,103.8962691,3.0,2,http://www.trudance.com/,9875 4458,dance studio,"Hougang, Singapore",Fitness Studio,HOUGANG,10153.063186096142,65133.0,True,True,True,Local
Distinct Creative Arts,ChIJR2zilo4X2jERyrSY01n-TFs,"206 Hougang St 21, Singapore 530206",1.3584053,103.8853847,0.0,0,https://www.distinctcreativearts.com.sg/,8157 2184,dance studio,"Hougang, Singapore",Fitness Studio,HOUGANG,10153.063186096142,65133.0,True,True,False,Local
Sarva Fine Arts - Sengkang,ChIJ25279VUX2jERUl2EesHD2-A,"10 Sengkang Central (Next to Buangkok MRT; beneath, Grand Mall, Singapore 545061",1.3822924,103.8928309,4.8,5,https://sarvafinearts.com/,8509 4123,dance studio,"Sengkang, Singapore",Fitness Studio,SENGKANG,10549.841220784238,72478.0,True,True,True,Local
"Sakthi Fine Arts, Sengkang",ChIJhTVwzWIX2jERMTWUosR9h4c,"180C Rivervale Cres, #01-367, Singapore 543180",1.3895416,103.9096411,3.0,2,https://sakthifinearts.com/,8117 9571,dance studio,"Sengkang, Singapore",Fitness Studio,PUNGGOL,10475.132530236871,51758.0,True,True,True,Local
Liberal Music & Arts School (Jurong West),ChIJK_KVLXMZ2jERKKIIjf0sLCs,"Blk 492 Jurong West Street 41, #01-10, Singapore 640492",1.3492641,103.7254171,4.5,33,https://liberalmusicschool.com/,6562 5661,dance studio,"Jurong East, Singapore",Fitness Studio,TENGAH,0.0,0.0,True,True,True,Local
Seetharam Arts (Bharatanatyam & Carnatic Vocal Class),ChIJ14Z-pZ4P2jERPu2YhB_6vJo,"428 Jurong West Ave 1, #01-244, Singapore 640428",1.351602,103.7253679,4.9,51,http://www.seetharamarts.com/,8498 2829,dance studio,"Jurong West, Singapore",Fitness Studio,TENGAH,0.0,0.0,True,True,True,Local
Attitude Performing Arts Studio,ChIJ3dARAokQ2jERdgrbEnrSTG8,"1 Jalan Anak Bukit, #01-29, Singapore 588998",1.3390906,103.7787333,4.3,52,https://attitudearts.com/,6467 9738,dance studio,"Bukit Batok, Singapore",Fitness Studio,BUKIT TIMAH,15710.218884329815,20472.0,True,True,True,Local
Liberal Music & Arts School (Bukit Batok),ChIJ0-8ZS_0R2jERbsTcbQm3gOs,"4 Bukit Batok Street 41, #01-83 Le Quest Shopping Mall, Singapore 657991",1.3564739,103.7406716,4.8,31,http://www.liberalmusicschool.com/,6258 5661,dance studio,"Bukit Batok, Singapore",Fitness Studio,TENGAH,0.0,0.0,True,True,True,Local
"Akshara Arts - Dance Classes, Singapore",ChIJ5b9zv1kR2jERChqyCLfej5I,"Bukit Batok East Ave 3, Singapore 659921",1.3515299,103.757223,0.0,0,,9452 4075,dance studio,"Bukit Batok, Singapore",Fitness Studio,BUKIT BATOK,10063.376106008258,47468.0,False,True,False,Local
Distinct Creative Arts,ChIJo2iaHDoW2jER4Ufej-24geo,"11 Tanjong Katong Rd, #02-25/26, Singapore 436950",1.3149868,103.8946433,4.8,45,,8157 2184,dance studio,"Katong, Singapore",Fitness Studio,GEYLANG,9511.15418625147,34040.0,False,True,True,Local
Nee Soon South Community Club,ChIJq6qqmhEU2jER0yE06FDEo-U,"30 Yishun Street 81, Singapore 768455",1.4149934,103.8348043,4.1,328,https://www.onepa.gov.sg/,6753 3121,Zumba,"Yishun, Singapore",Dance Studio,YISHUN,9019.018663760686,65153.0,True,True,True,Local
The Frontier Community Club,ChIJd4ldQJMP2jERlQdLPkzVa4A,"60 Jurong West Central 3, #01-01 The Frontier Community Place, Singapore 648346",1.3402124,103.7042859,4.2,473,,6795 8229,Zumba,"Jurong West, Singapore",Dance Studio,JURONG WEST,9632.399985216842,74409.0,False,True,True,Local
Chua Chu Kang Community Club,ChIJJYncfsAR2jERVE0WPGMg8Bg,"35 Teck Whye Ave, Chua Chu Kang Community Club, Singapore 688892",1.3811344,103.751914,4.0,1057,,6769 1694,Zumba,"Choa Chu Kang, Singapore",Dance Studio,CHOA CHU KANG,10535.758835482462,52657.0,False,True,True,Local
Dover Community Centre Fitness Club,ChIJdw2hNFwa2jERNVIG-twV_8o,"28C Dover Cres, Singapore 133028",1.3056347,103.7824361,3.3,3,https://www.justrunlah.com/gyms/dover-fitness-club/,6777 0976,Zumba,"Queenstown, Singapore",Fitness Studio,QUEENSTOWN,10724.055500982318,28504.0,True,True,True,Local
Aliwal Arts Centre,ChIJxesQRrEZ2jERzpjX3BIaAGc,"28 Aliwal St, Singapore 199918",1.3025906,103.8611415,4.4,683,https://artshouselimited.sg/aac,,contemporary dance,"Kampong Glam, Singapore",Dance Studio,KALLANG,10084.228177543,31046.0,True,False,True,Local
Taman Jurong Community Club,ChIJxYNXE_sP2jEReHgQTCiiv-8,"1 Yung Sheng Rd, Singapore 618495",1.3354031,103.7218845,4.4,814,https://www.pa.gov.sg/our-network/community-clubs/Locate-CC/detail/Taman-Jurong-Community-Club,6265 1711,contemporary dance,"Jurong West, Singapore",Dance Studio,JURONG WEST,9632.399985216842,74409.0,True,True,True,Local
Sheng Hong Arts Institute,ChIJe3sSSiU92jER3NFALhE17sw,"15 Arumugam Rd, Level 5 Koo Chye Sheng Hong Temple Administration Building, Singapore 409960",1.3261766,103.8920593,4.9,16,http://www.shenghongarts.org.sg/contact/,6232 0008,contemporary dance,"MacPherson, Singapore",Dance Studio,GEYLANG,9511.15418625147,34040.0,True,True,True,Local
Bhaskar's Arts Academy,ChIJVVVVVboZ2jERuQWwbtCE3eI,"231 Bain St, #04-01, Complex 180231",1.2968471,103.8535281,5.0,2,https://www.bhaskarsartsacademy.com/,6336 6537,contemporary dance,"Changi Village, Singapore",Dance Studio,ROCHOR,0.0,0.0,True,True,True,Local
Amped Trampoline Park,ChIJo6dvJ5wZ2jERaYCej4EeY8g,"10 Raeburn Prk, Block C, Level 2 02-33, Singapore 088702",1.2733668,103.8329766,4.4,715,http://ampedsingapore.com/,9823 8443,trampoline fitness,Singapore,Fitness Studio,BUKIT MERAH,10092.468693505003,45358.0,True,True,True,General
SuperPark Singapore,ChIJw39-kD8Z2jERhXXNQV2evt0,"3 Temasek Blvd, #01-488 Suntec City Mall, Singapore 038983",1.2961791,103.8586032,4.2,2192,http://www.superpark.com.sg/,6239 5360,trampoline fitness,"Marina Bay, Singapore",Fitness Studio,ROCHOR,0.0,0.0,True,True,True,Local
Galaxy Gymnastics - Farrer Park,ChIJvS4YZAIZ2jERdSn0U6dT50w,"180 Kitchener Rd, #02-01/02 City Square Mall, Singapore 208539",1.3116815,103.8563206,3.8,24,https://www.galaxygymnastics.asia/,8804 1034,trampoline fitness,"Little India, Singapore",Fitness Studio,KALLANG,10084.228177543,31046.0,True,True,True,Local
Superfly Monkey Dragons - Parkour Classes For Kids And Adults,ChIJNyu9Sb0Z2jER2SbImtcT41Q,"160 Robinson Rd, #14-04 Singapore Business Federation Centre, Singapore 068914",1.278435,103.8482414,4.9,61,http://superfly.sg/,8768 6010,trampoline fitness,"Kampong Glam, Singapore",Fitness Studio,OUTRAM,9371.743688254664,5466.0,True,True,True,Local
Play @ Heights Park,ChIJ-7MteXkX2jERaau67tlPVaw,"144 Lor 2 Toa Payoh, Block 144, Singapore 310144",1.334919,103.8445159,4.7,169,,,trampoline fitness,"Toa Payoh, Singapore",Fitness Studio,NOVENA,12399.320787338742,15038.0,False,False,True,Local
Toa Payoh Heights Park,ChIJz_ICEhgX2jERuszYTM05rRQ,"150 Lor 1 Toa Payoh, Block 150, Singapore 310150",1.3343619,103.8446575,4.5,23,https://www.nparks.gov.sg/contact-us,,trampoline fitness,"Toa Payoh, Singapore",Fitness Studio,NOVENA,12399.320787338742,15038.0,True,False,True,Local
Activity Park,ChIJOQsPkFMW2jERCnF63_cwx38,Singapore,1.3668085,103.8745791,4.9,7,,,trampoline fitness,"Serangoon, Singapore",Fitness Studio,SERANGOON,12015.227503718394,32272.0,False,False,True,Local
Firefly Park,ChIJ_3Bj3IQa2jERM0aLDH-DUqA,"304 Clementi Ave 4, Singapore 120304",1.3204253,103.7646389,4.3,329,,,trampoline fitness,"Clementi, Singapore",Fitness Studio,CLEMENTI,11191.556927093045,26815.0,False,False,True,Local
Tiong Bahru Park Playground,ChIJGYRDpH8Z2jERZH9C3830Mao,"Tiong Bahru Road, Singapore 168732",1.2877978,103.8240181,4.3,482,,1800 471 7300,trampoline fitness,"Redhill, Singapore",Fitness Studio,RIVER VALLEY,15695.421208530806,3376.0,False,True,True,Local
Aces Gymnastics Singapore@Farrer Park,ChIJ8f0QHwAZ2jERR8eYxdbA4sw,"2 Marne Rd, #01-02, Singapore 208393",1.3126816,103.8572535,5.0,1,,9776 9665,trampoline fitness,"Kallang, Singapore",Fitness Studio,KALLANG,10084.228177543,31046.0,False,True,True,Local
AMPED Trampoline Park,ChIJsVeJeWsY2jERtD_fQtsz5O4,"369 Tanjong Katong Rd, Singapore 437126",1.3054533,103.8963936,0.0,0,,8669 4894,trampoline fitness,"Kembangan, Singapore",Fitness Studio,MARINE PARADE,12828.006335837315,13179.0,False,True,False,Local
Changi Beach Park,ChIJUzbaYws82jERXHKMRlUKIug,"Nicoll Dr, Singapore 498991",1.3912863,103.9905464,4.5,7552,,1800 471 7300,trampoline fitness,"Changi Village, Singapore",Fitness Studio,CHANGI,0.0,0.0,False,True,True,Local
Skyhigh Trampoline Park,ChIJCzuogAMX2jERkNw1mp8quNQ,"45 Burghley Dr, #01-05/06 Burghley Lifestyle Hub, Singapore 559022",1.360304,103.8598871,4.1,40,,9029 6317,trampoline fitness,"Pulau Serangoon, Singapore",Fitness Studio,SERANGOON,12015.227503718394,32272.0,False,True,True,Local
Bishan Parkour Training Spot 2,ChIJTw1AWFsX2jERTbND1qE9KbQ,"228 Bishan St. 23, Block 228, Singapore 570228",1.3583979,103.8465196,5.0,3,,,parkour gym,Singapore,Fitness Studio,BISHAN,12483.410944381014,24524.0,False,False,True,General
Parkour Spot,ChIJzTeEkAoP2jERIh1cfshxnfk,"108 Yuan Ching Rd, Singapore 619617",1.3433246,103.7266214,4.6,7,,,parkour gym,"Marina Bay, Singapore",Gym,TENGAH,0.0,0.0,False,False,True,Local
Nee Soon Sports Centre,ChIJfePSLm8U2jERApXFZbuSbLo,"32 Yishun Central 1, Singapore 760932",1.4276159,103.8386906,4.2,32,,9722 6744,parkour gym,"Yishun, Singapore",Gym,YISHUN,9019.018663760686,65153.0,False,True,True,Local
Parkour @ 440,ChIJqa0-xNIX2jERPQmGbZgZpC4,"440 Ang Mo Kio Ave 10, Block 440, Singapore 560440",1.3666074,103.8537863,0.0,0,,,parkour gym,"Ang Mo Kio, Singapore",Gym,SERANGOON,12015.227503718394,32272.0,False,False,False,Local
A2 Parkour,ChIJc0D6q40X2jERTpAGgk8p3_0,"605B MacPherson Rd, Singapore 368241",1.333578,103.8879663,0.0,0,,9184 9744,parkour gym,"Toa Payoh, Singapore",Gym,GEYLANG,9511.15418625147,34040.0,False,True,False,Local
Sparkle Gymnastics,ChIJ4fe-BQAZ2jER1JE0GvY-wvs,"Singapore, Guillemard Rd, 102号#01-04 邮政编码: 399719",1.3102016,103.8822568,5.0,3,http://www.sparklegymnastics.sg/,8099 7928,parkour gym,"Geylang, Singapore",Gym,GEYLANG,9511.15418625147,34040.0,True,True,True,Local
Pasir Ris Park Carpark A,ChIJDVEcVbc92jERkEPAxi7FRMM,"Pasir Ris, Singapore",1.3797768,103.9596734,4.6,19,,,parkour gym,"Pasir Ris Park, Singapore",Gym,PASIR RIS,11846.999197728956,40510.0,False,False,True,Local
Superfly Monkey Dragons - Movement Parkour Academy + Agency,ChIJwQhewjQZ2jERjO2MtHtI6VA,"7, 06, 01 Maxwell Rd, Annex B, MND, Singapore 069111",1.2792109,103.846377,0.0,0,http://www.superfly.sg/,8511 5510,parkour gym,"Kusu Island, Singapore",Gym,OUTRAM,9371.743688254664,5466.0,True,True,False,Local
Whampoa Park,ChIJ47-PBp4Z2jERYcXJ0qdAUZQ,"Whampoa Rd, Singapore",1.325521,103.8562076,4.6,54,,,parkour gym,"Pulau Biola, Singapore",Gym,TOA PAYOH,10071.888371896875,35569.0,False,False,True,Local
